-- phpMyAdmin SQL Dump
-- version 5.2.1
-- https://www.phpmyadmin.net/
--
-- Host: localhost
-- Generation Time: Jun 03, 2025 at 05:16 PM
-- Server version: 10.4.28-MariaDB
-- PHP Version: 8.2.4

SET SQL_MODE = "NO_AUTO_VALUE_ON_ZERO";
START TRANSACTION;
SET time_zone = "+00:00";


/*!40101 SET @OLD_CHARACTER_SET_CLIENT=@@CHARACTER_SET_CLIENT */;
/*!40101 SET @OLD_CHARACTER_SET_RESULTS=@@CHARACTER_SET_RESULTS */;
/*!40101 SET @OLD_COLLATION_CONNECTION=@@COLLATION_CONNECTION */;
/*!40101 SET NAMES utf8mb4 */;

--
-- Database: `db_bioskop`
--

-- --------------------------------------------------------

--
-- Table structure for table `admin`
--

CREATE TABLE `admin` (
  `id_admin` int(11) NOT NULL,
  `email` varchar(100) NOT NULL,
  `username` varchar(50) NOT NULL,
  `password` varchar(255) NOT NULL,
  `created_at` timestamp NOT NULL DEFAULT current_timestamp()
) ENGINE=InnoDB DEFAULT CHARSET=utf8mb4 COLLATE=utf8mb4_general_ci;

--
-- Dumping data for table `admin`
--

INSERT INTO `admin` (`id_admin`, `email`, `username`, `password`, `created_at`) VALUES
(7, 'galih2@gmail.com', 'galih2', 'galih2', '2025-06-03 02:27:36'),
(9, 'putra1@gmail.com', 'putra1', 'putra1', '2025-06-03 02:28:48');

-- --------------------------------------------------------

--
-- Table structure for table `bookings`
--

CREATE TABLE `bookings` (
  `id_booking` int(11) NOT NULL,
  `id_movie` int(11) NOT NULL,
  `movie_title` varchar(100) NOT NULL,
  `genre` varchar(255) NOT NULL,
  `seat` varchar(255) NOT NULL,
  `total_price` int(50) NOT NULL,
  `purchased_date` timestamp NOT NULL DEFAULT current_timestamp() ON UPDATE current_timestamp(),
  `created_at` timestamp NOT NULL DEFAULT current_timestamp()
) ENGINE=InnoDB DEFAULT CHARSET=utf8mb4 COLLATE=utf8mb4_general_ci;

--
-- Dumping data for table `bookings`
--

INSERT INTO `bookings` (`id_booking`, `id_movie`, `movie_title`, `genre`, `seat`, `total_price`, `purchased_date`, `created_at`) VALUES
(1, 1, 'Avengers: Endgame', 'Action/Sci-Fi', 'C1', 0, '2025-06-03 01:59:41', '2025-06-03 01:59:41'),
(3, 1, 'Avengers: Endgame', 'Action/Sci-Fi', 'D1', 0, '2025-06-03 02:00:43', '2025-06-03 02:00:43'),
(4, 1, 'Avengers: Endgame', 'Action/Sci-Fi', 'D7', 0, '2025-06-03 02:02:23', '2025-06-03 02:02:23'),
(5, 3, 'The Amazing Spider-Man 3', 'Action', 'C3', 0, '2025-06-03 02:02:40', '2025-06-03 02:02:40'),
(6, 1, 'Avengers: Endgame', 'Action/Sci-Fi', 'D3', 40000, '2025-06-03 02:23:27', '2025-06-03 02:23:27'),
(7, 1, 'Avengers: Endgame', 'Action/Sci-Fi', 'D4,D5', 80000, '2025-06-03 02:23:44', '2025-06-03 02:23:44'),
(8, 1, 'Avengers: Endgame', 'Action/Sci-Fi', 'C4,C5', 80000, '2025-06-03 04:26:37', '2025-06-03 04:26:37'),
(9, 3, 'The Amazing Spider-Man 3', 'Action', 'B6', 40000, '2025-06-03 08:43:29', '2025-06-03 08:43:29'),
(10, 1, 'Avengers: Endgame', 'Action/Sci-Fi', 'A4', 40000, '2025-06-03 08:54:29', '2025-06-03 08:54:29'),
(11, 3, 'The Amazing Spider-Man 3', 'Action', 'D4,D5,D3', 120000, '2025-06-03 09:02:38', '2025-06-03 09:02:38'),
(12, 1, 'Avengers: Endgame', 'Action/Sci-Fi', 'D1,D2', 80000, '2025-06-03 09:09:59', '2025-06-03 09:09:59'),
(13, 3, 'The Amazing Spider-Man 3', 'Action', 'A3,A4,A5', 120000, '2025-06-03 09:46:46', '2025-06-03 09:46:46'),
(14, 1, 'Avengers: Endgame', 'Action/Sci-Fi', 'C3,B3,D3', 120000, '2025-06-03 09:48:54', '2025-06-03 09:48:54'),
(15, 1, 'Avengers: Endgame', 'Action/Sci-Fi', 'C6,C7', 80000, '2025-06-03 09:53:41', '2025-06-03 09:53:41'),
(16, 3, 'The Amazing Spider-Man 3', 'Action', 'C4,C5', 80000, '2025-06-03 09:55:06', '2025-06-03 09:55:06'),
(17, 3, 'The Amazing Spider-Man 3', 'Action', 'D1,D2', 80000, '2025-06-03 09:55:27', '2025-06-03 09:55:27'),
(18, 5, 'Jumbo', 'Animation, Comedy, Drama', 'C3,C4', 80000, '2025-06-03 15:02:46', '2025-06-03 15:02:46'),
(19, 5, 'Jumbo', 'Animation, Comedy, Drama', 'A7', 40000, '2025-06-03 15:08:34', '2025-06-03 15:08:34'),
(20, 5, 'Jumbo', 'Animation, Comedy, Drama', 'C1,C2,A1,C3,A2,C4,A3,C5,A4,C6,A5,C7,A6,A7,D1,D2,B1,D3,B2,D4,B3,D5,B4,D6,B5,D7,B6,B7', 1120000, '2025-06-03 15:11:46', '2025-06-03 15:11:46'),
(21, 5, 'Jumbo', 'Animation, Comedy, Drama', 'C1,C2', 80000, '2025-06-03 15:13:46', '2025-06-03 15:13:46');

-- --------------------------------------------------------

--
-- Table structure for table `customer`
--

CREATE TABLE `customer` (
  `id_customer` int(11) NOT NULL,
  `username` varchar(50) NOT NULL,
  `email` varchar(100) NOT NULL,
  `password` varchar(255) NOT NULL,
  `created_at` timestamp NOT NULL DEFAULT current_timestamp()
) ENGINE=InnoDB DEFAULT CHARSET=utf8mb4 COLLATE=utf8mb4_general_ci;

--
-- Dumping data for table `customer`
--

INSERT INTO `customer` (`id_customer`, `username`, `email`, `password`, `created_at`) VALUES
(11, 'putra3', 'putra3@gmail.com', 'putra3', '2025-06-03 04:26:04'),
(12, 'galih4', 'galih4@gmail.com', 'galih4', '2025-06-03 15:08:07');

-- --------------------------------------------------------

--
-- Table structure for table `movies`
--

CREATE TABLE `movies` (
  `id_movie` int(11) NOT NULL,
  `movie_title` varchar(100) NOT NULL,
  `genre` varchar(255) NOT NULL,
  `rating` decimal(3,1) DEFAULT NULL,
  `date` date DEFAULT NULL,
  `time` time NOT NULL,
  `showtime` time NOT NULL,
  `content_rating` varchar(10) NOT NULL,
  `description` text DEFAULT NULL,
  `screen` varchar(20) NOT NULL,
  `ticket_price` int(11) NOT NULL,
  `uri` varchar(255) DEFAULT NULL,
  `poster` longblob DEFAULT NULL,
  `created_at` timestamp NOT NULL DEFAULT current_timestamp(),
  `updated_at` timestamp NOT NULL DEFAULT current_timestamp() ON UPDATE current_timestamp()
) ENGINE=InnoDB DEFAULT CHARSET=utf8mb4 COLLATE=utf8mb4_general_ci;

--
-- Dumping data for table `movies`
--

INSERT INTO `movies` (`id_movie`, `movie_title`, `genre`, `rating`, `date`, `time`, `showtime`, `content_rating`, `description`, `screen`, `ticket_price`, `uri`, `poster`, `created_at`, `updated_at`) VALUES
(1, 'Avengers: Endgame', 'Action/Sci-Fi', 5.0, '2025-06-22', '03:01:50', '16:45:00', '5', 'After Thanos, an intergalactic warlord, disintegrates half of the universe, the Avengers must reunite and assemble again to reinvigorate their trounced allies and restore balance.', 'Studio 2', 40000, NULL, NULL, '2025-05-30 04:10:01', '2025-05-31 00:03:13'),
(3, 'The Amazing Spider-Man 3', 'Action', 5.0, '2025-06-28', '02:58:40', '14:45:50', '5', 'Peter Parker, an outcast high school student, gets bitten by a radioactive spider and attains superpowers. While unravelling his parents\' disappearance, he must fight against the Lizard.', 'Studio 3', 40000, NULL, NULL, '2025-05-31 00:08:48', '2025-05-31 00:08:48');
INSERT INTO `movies` (`id_movie`, `movie_title`, `genre`, `rating`, `date`, `time`, `showtime`, `content_rating`, `description`, `screen`, `ticket_price`, `uri`, `poster`, `created_at`, `updated_at`) VALUES
(5, 'Jumbo', 'Animation, Comedy, Drama', 10.0, '2025-06-30', '02:00:15', '14:55:00', 'PG-13', 'Jumbo is a 2025 Indonesian animated adventure supernatural fantasy film directed by Ryan Adriandhy in his directorial debut, from a screenplay he wrote with Widya Arifianti', 'Studio 2', 40000, 'http//:afifganteng.com', 0x52494646049100005745425056503820f8900000d059019d012afa0072013e4118894322a1a119fcf670280404b433ec4c57fce832ff1b3f1b81af59c774c7c7be70fc97e537f71fdb4f940e35ea3bcedf67ff23fed7fbbfee8fdc17ed3abdeb6f28be7affa1fe37f2cbe637fa7fdabf74bfa23fedff9bfdf0fa09fd65ffa5fe3bfd47ec9fd11ffbbfb5def27fc5ffcffcaaf827fd77fd07edc7bb87fd8fdbbf7abfd87fe1fb0eff4dff53ffcbd797d983f78bd877f797d5ebff2feeafc3cff66ff99fb8bed5bffb3b3e34fafd37f84ff41f951e68fe49f3ffe0bfbd7f93ff55fdf3ffa7fb6f903ff2ffbe7856e97ff99fe6bd43fe5bf79bf35fdd3fce7fccff11fbcff743fa1ffa3fe73c67f8c3fdcff96fdd2ff2bf20bf8f7f39ff07fdc7f707fbe7eeb7d6cfd97fe3fda2f0a1dcffd27fdfff23ec17ecdfd2bfccff77ff1dff33fc5fc03fd57fc5ff2beab7eb1fe07fdc7f92fdd1ff41fffff007f99ff40ff3dfe2bf74bfc67ffcfaabfda7fedff59e5dbf82ff4fff6bfda7eeafd017f3afebffecffbfff9cff9ffe7fffffdb4ff6fff7ffd37fb4ffe3fecbdc37d31ff63fcd7fb1ffebfe8fffffe03ff33febbfed7fc17fa6ffcdfe6fffffff4fbd6ffe9ee87f70bff8fbaf7ec9ffccfcf86306c171e32b110dc33c96902fd035b23b409513ce6f17de4ed0742ec53f5d4fc2b9b7e9d3935c970eb376cd9054b55a27171b7e33cd5a0882833ff6523d22f987552dbc25eee9d44b1a38a73feb3b74fca12a7b576dc8df7f1635a87a4fecd91e73f5d7ea7ee854b8c5eef15952b42e801b6d0f49fda894ffcd1c3d57ab4c44fded7317a9140e4545ebb92fd9b1602b889b2f563dc17313aea4c0083466e96bed9d8216cecd36567a7bd194eafde1d1ebf9fd0d4f8f3b79d1ea3dd910f420adca5cba946f46e01ccadf1b061ff34f660d6bcba41ad5ee2167dd30ccc8231acf965058fda479d765e69ef9449f0d01387722aba29ebc02380426468e2c415f81ee60d034ad514d89b2e3fa3e47c766d3c80971c970c75febe2a705a5b83d56ec16fda8d4a706c8df83bd5e472b35f6f777af440f17f656ee0d031747732776368f82a1120ae26dd68e7c7ad2babe21b5c31ead92a9c59178dc5927c2c8be1129f288c02ff2c360867a0aca9e2c56eea358bcbb4cdc12ed68e093448e38d46ca302d40d272460b50d70dd831a13b0945f4287c8985f04d753d37aef43ce66bbf1f4c9b3213ad8130f1247127c4c0fadd405834367016ed172fe26eb118c409a939228114747926e7e2a93cf8206ce2f4100bdda0287117ea2db5d4e9fe3bffba1dedbfa3e02ba95d262922d3c4779da130de9e237d4ed4dd56dd6b28e8453e0945870cff66a7e53e32dba69c55ff9903801dcfb048b0fe21424fc18a4b69c42c8aa15d920eaf98205e0399c4ff15331a2d4f88e74e012f31b88f38d19207d798b00fecd0f55e96ef2fa45917bb8efde253d2277c3cfbf14b233534c2343edf2d7c4d4a0b2d9fa486d51c8da1bfdf3fee41385169752fc117f20b652a922f6931ce225cce0b57a9a59b2357996b17849a2deb03a2747f0b31c64bbf9b4d95bf30553bd07a12db545221c5e8ddc5ab8d955918f614ce2daa1889543d0a3b499b53281e25e1a83bb664156b54c35e4b32bd76f43f6aff9b7eaed07d0483a8b93e273cf90cf21cb0342aefb4de8ff5ff2de98077e3bca25fe8cc3bef6f7e6f0dd571ad8a8c49501b90e0c6dc09136255f67ea05726ac7eb7abf04b40a730af570d22662933257b98d2c9cb38cd0d9540b75cf2507b8ed29edb65d8fc84febcde017f3509c57851d82362ad58dcd015d6d520f63300617223026e977c640d13c42d14c3b76c03b4dde2b1933278150cadfaaf2b57f631b17d313c894bb2f9252ec20af34684e7f829299d2b0f331a88e1d2caf3c3f9f9017a6ff6b183307b165b7f4a701bb936c371b7cfe4137a5afeb90513c405b199141d9c959e66858388380175ccf9f204d01a4d09037633f6da5b6e93cb9f76638353ea04bc5ba17a2ea126b625ef7fa75619f0122ce92a92552a6c423a4b83ff2576e286c93a8a3f5f6cdbf6adfc300910f0587500afbba82d8158559ed68d7c4ad2337d5eb0b38905d2a6e6b7703d4fb1e1fd72eaa6a936bc2b610c387491f9cd951ad6927d14a4fe9e81fd16ee2c30c0b876b05e408d18971e146dbd5dfcce565ab8fcd11a0f516ced83902554b7eab913ea4adb2c5ed2c9f9e52848dbd1f8df8c3b8fb4a0b1ad94f0b185082ae540b6f6b9ac7c46641821e11d023fae61dbe0b2fe320b8d34368a26307ab7d7ad1bac8de6b7cfb73b503f7c5f6f77428782c6f8196da8887ad94498cb1936c13c3d4266eba31d89f3fff207b76c570455d6069ec7007f4a6fb14cad3ecfa19a9264fac5233a3c368b0c800b03a7fc59e3ee47cb9fb0f773ce45884bd6497f8c3d530cd6ec7d3e7adfd2ebcea935b8e8b00930644e3ff3abe30199fa126f1d3b7e318f7cd9eeb07d94ca776091d10454db0666d2bfbb25235b2f26651110531d2ffdf442a14eb7f80bef61001834c33837c872d64171fddc6d2e64ee99bd3efb55245b40e4ae98acd2684a80516453d4baf1be552bf45d87ba56dd96433c59a60cde3f3c1fea522632f5c852f7f0a21984e87644f19079e7d5ddf98f137caaf4caf91ff2eb9502f19136c08ee0c44535f21d6f75f34362aaedf7545dbb147baf1292d6ab9138328f025fac45ae17ee0065ebfa11f9822f765b5763da2740e67426853823ee2b8f9be1c87a2dd3a5115701c37fd21eb9ebf79ae42dac50c41e2b21f72bcd02f829b1d972c76e8b27bf90fbc564e69a09a2a2160b0f1b32220d4a3e7d67c6c1fb39808719ce5ad4f5229fdbb198b6d017b73023baede9e0bd001ad809d226a935b0f6154a6cc6cb839a409a7c26cbeaed2e197dc4d51c2634916de2a0cd559a82b4fcf9cd5e9aa84c480c3a1e3aeffa72e96b03266adb998b6a769ea3e21d179bf53f2cdef1584de8ea7337d5fa225521e1626eb71899c87418ccb629c7ff58bfa1b9d03922c607404eae1a6c491da6b63c71346cc0845a6223e80af87137f724e532a24a26668e87c9907956fd4a809d9bef5f9a78f7de4cd61bee352ade1bdb83432a58bc9bb86036f8336e925c646ff7de00dad066527d12ca9f84ae8bdd951ebefc215e0531983f669b80125a27468adab5cba606397f9f8e6c96495e9844470a125c6883c5345ae0b1bc48658dde6f7a1fff4e2d9b30c315c8dcdab0fbd066b977f0a234ac2a06e5bda9704260b8837fbf79618d6026b1712ebe8e926e1f4d638248bdaae96738f8240a14cb17fe8c9d5bc70e9a1f9207e20e3d7e8361ea49f249df34f981d05fd156496085d94a9e8ece05dfdacf0db2d5d2dc193f45bbbc7cc251bec0a93ab09c6493075089bc65171eb8c9e3d49d1674d14d2f37ac20ef43840db807a48ec6ba7249d45d2f838fd1ad447b23c6cf2cd7764c451c2b1ddef76b28f0f4adcda7544c78d307040e357a6f9aa550a84af4b8fadd453222061d7b42cba12f809c44e661f0550b5b3ad31081216ed6e82c7bad72cd32811eabdf8c188ae8c51283a995b2c1fb5b6feb4dc03e32a973ce5e290de6aa89d5892950e8ec0a20e8498c4c3765f0c82b7ed4a9f5c12ddd1692da2d76c27c982e699bc5a7a8251b96bf5608bc4be270c69a8a8758216417d7deab500be212c1e0d953f9e62493180a9eb068c85c8777e02c336440a58407e502d55cf1ec48b064af3aa3b55f0f9874330433197d624b7d4a7f4fb888276617fc7da57b044444db90db838a42e07ad02a56bb715356c710a7039bf13642f347c2a6a3544a85b0bf51b560385f13102c9838d377891229f7c0eaa19f460e7ece1743721d1e063f68b5b92f4b054ca5b9b10ce65b105653fd50b2e419b29659e0000fefabce51c773256d14c4579b5c9d246d4fbfd9161f3513058c252aad231bd97ffae30bfcc3fa859d7f549bfac5b3837468082bb7888c5003416985a5c5e65cd92ec770ee3546a5636c5d3eee420db8beb96c5e1d64b73e0917e7ad8bd2081ae42b37b02be1aa8164b745b0507f75c1cc2826379572c26b116da33885b37280b4e8b444ffd4c58589f7f20be868c1866b8ed141cdb90b061570d8bc35403ce54e38c7e0cd3e241259f59dd7ad7b31b67f3fbef39540ce0a0310cab46383b2b4c7f7cf98a1214d42d694e5d365ae9b74cc52dd3f594fbabd813c2e258c8ef518cf523ebb65bd1b122cfce3c6e40c9d61a099b71e5d50b90f7dadccc77ce274e1559c24084056dbb0181511e3b5b7c3f50d0969b782a7d6565221c66d29f4326cf1d5c0f50c73591d1c78a08243b6e2bda47401e20c496d16e66ea7a1013441e2d006f25cce2c7032190712d28efc98efff973e1344cbffa9a7f285e278c7d6b0522ceb79c90c114ba043ff688ccab250ead48c932b4361bc9318d59cea2c2e4f8e0a7857a6846c21ac3f1f774634dcaaf91be6de542c72055e04928521c15b67468d87f426a33fc70d87a1478771c71c83239b923f79fc8f17440466bd815696e181ba73d01d00b289e45b20d9152226935cdc786ac9149814ea6a2e4ecf152ef1f432bc99368fb816262100b9f7cae5b199d33d908f41aa579bfd94a6e92c3b7eb625d7e8dbfe6dd72478ecd273d546944568184beb5e0d7d356df29401763009709d01ac0443a87bffcf42f73db51a6d84a90cc2c775cedeb7e83fc3f59ff1fced64f40f3ddf05483ee00ed8362ca09fc28e0ee4b6c4ff72a0a122a8054790af1f1dde821e5259054200b38a6140847721b5bbca5c1a5196b515c7b73d064748fe989835700524087f6a900cba0279ed5bf821eb1cb7e428fd02d6bb7e5d1cad133257ce16deb318fcb61c6fee4909869cfb121104582b6e4268440e0f4e2f6690ee009c1eb5311184da0ee1e30d79d377c5472e8ef9cd319c81807112e5a59c0092daf59a873ed1d2f91ce21b89b9b5ca6c4500e4c8011c1574c8767a22895abe5fb6e048736ee1b718f983eff9f17b96ddde83796d715da7f40a2bb9804320866ba0482f430b95015e40b73960b651c6804b7489f5b9498e53f0fc5fe0ff88ea07c9feebc8fd8441030b78d6cde7ccab4d745ddcb8bc1b08da25f544b30901f00226b07426bd6640a983dd357ec58d66ba200ff33f9ddce1b165da4e944522811a0801c001c519943c2219b35a239572805723eb851d3c4741b4fc984de4006848611c6d3fae0509fa23291de3370eea926b154f025f81b02bf8057dad01986863a4d48e78e6adfdd85cd2b924cc9f53605b1bf9865503fa7d6eafa47438924dc51407c457fcce7526dc90aaf194f609298107ab5a9ed837cdf849305d1431e0c7cd3c92c08997f2f16e08c6391f94195c25457743dd30a35cb80c148b013f8c33ad2fe8af620c99c38f95a71f04af01c30fa0f8d370f8b9f0fc03fcb28ac8d61e37301312df91ab415281ed974829f8efb164473d52e39d62d7f8194b458da503a935a6ff2d2317aac6c371e053a868fa1cc94507842ee8342717d14d308be05dc645ae3c5e79c55bf38b02b3789c7013f53070618073e74472eceaa8deab76a94ff1aa5123f5027f287e413a80b18ca6f680ce5ef6faa414c8d4c0c4f3f6dfee434f9177e134541bdfc35ad92dc8be6812c0715d012e807fb841bfb99aa07725e6bd1fcfb972929e968526e0f73f18bee2da3601a39c41006e4333d58accfc32eeee871e756770f366d83df15ceff175b102bb5e67bc98559f562b7c8589ab0ab93a6f14a64ebdee79d562161d4ea869f905d8a4d5f7c2e598c6e796ee774c6e59edf7ba7ac99eb5d7430cbf04350f23207ab0c06891f0866aa171a2d8afcabf00fccb2048020ca8b47ae1b483bff1068fd9a14f027b3ebb6fe487720c6a93fc13e9b40fa447bb238f6729ada32229f5e9f0ed7be22f38cd1bc0ab49bc24218706d5b30168a4987a199beb222d7c428f7dd00b6507c5405b68012b17174d8a90b5c259f533ee566ed46ad26f3cb65f3518c793e72de7a9eaae0efc2d5ee0a5d67abbdb8cc3b9b6a05d3f1edaf8a6796bad64a4968b609f4a3fa0b9126c0a9a6ec3071ce33ba09ceb71bc6773e2b28fd26a6763b23d3ef40a32996938dc61b1eb0e8c2283e9443d4c86a614a2913649e51b2a1ca6e6f2576be3dd9d0020b6d72c6f263d9e5f931b6823b082945434aeff28725213a5f0938535541789850d49cf3b608e9cd39f34d78b23fcf92a8a901339cf40b7e9803daad0a2a0343431873a03f72e5d3d62562ee69dc7a8e51a4c45f31b1e4090c1a49569f7e5fa4676eec3746bb766439c97d66bc9c34e7a4cc3fafae98588362e195edc0e6f9dc7bee5c79d04e9d673cad94dd85755687976a73b1134772678175af58c9676f37926fa9bd221a7b3ef3acdc6d3726450e0306e57fedc3cd8a2997a63b4df48201cdadf988d7c708cf0fd1d0ebcc174a3a5b99af5a0cedadadad94c344c5f70619cb9c5fa5adc4382559de774c0ce20052ef5d4f72a1194287a1e2063c4c53a879be818a968f6f1190e2e9de080ccbcb2eef74bed9eccf589850b0a2b4a7915b92a7d1e5a17da05e02d40a0783cd56f4fbaaa9112a8240126c9216a5451a0c02ce98c7a77f0c19cde0bd00047f5887c684df93ac01128988ee2f49e29bfe8d10c2e06995da3a7266a27651d4cfb9ddd326675bd3bbe5e239305570857b952796e4cd4e9bd00bd06db737649a526dec6adc39ff06be456be57995c20840719b089c4d19ce375ffc356ae0dbafa12695372abb96ba28d22f3eb713152ad485fecb03e491c720fc1d1152bd36f7bc81930a71a1b4a8f4975cf8afcb3dac145926429c7e1b387c7c088ccafaaa01d481069ae2cd00668d01efb9962acd4295256b2b92f166e3c4ae98c2515eb7cd66393537f40bc5cff3ca425a78360bde807100970137175e2c5ca090c2eaf713cfdc7c64d50617ba7df2f4e2b298f9c9b9805d32504a5b718eb825a019b66ba475c4fd0f008526610af904cc450dfc1cc56427355f89edf77955c7ddf6d27c47a7e31bd59e6c31ebf1b48c0dd8c438f12bc3daaafaca2cf4b12de87105b12871e03c27d3c8d2cb5ea4f56f6624e9c69a6f723e9c51fea4ba472a50145e19ef6068f4f755fe6f2ad005553028fac0120bbfc5eea18b7361e4600e5439bf603a8c9ccd5ae9eb714ef258e50d6c5d4f7de7451a4c84d73cfe8b18ecb997aec4b33421daafc2dcd798ac4effab1999b22d4b94f29a212f87c828fcd437ea3a9e729b13ab6566a8426412287f715b352fc38239eb1c61ae13dcf9033e7619c87ea9c4df8298370bfa44263010b6c54d053256fcff76f692dce564f61c0c6d5bee9ef38d2161e9afad4bbfdd13b7dd3b99a93b28d1111d2ca3932fcf63bfbe4beaeaca51e1e638ad7245f0be86f982355fd6d9c52c79b319365e43fa1858006afc9cf354d80e77e85c53a9c9242083642f59160a64b84e0140b5ed389f8a8cf4808b0c5ab227eca250b1078584cb8f40f2320d4c823ce711912d0cc3b6be9319218480963e87fdae3e76cf7d7c3e6e3d9b4b0831c5565817bbfac18868824b429ff5248c766f70148685702944106e16df2f72c00fca90687fdf4ceb1e5875caddf8362bd56dfa40bb0cf7414f0e41ba37d36e087737aabce39383b2a2ddb30563a4458a10a6d59ce554a67a5965d1e59157cf35b1c7e7e9e4372d2c9e74da3f124d4ecdb5434fd5ede32022c274eb6f30e035ed0943df13d55b912123fa3c80a45cadf5817b2d8fa5c75c368fd502d2507ab7de08b75c5c4f631d9ced10b2caffb045467bc7dbff0c336df0792ebef3b44ffe32ec2b13f43d6010c1b8027fef9f1501220209bd7b1a5e118a51ce253c266c5a5b85ddb734f6963b966e893dca2f9c747b52f8ae8262a068f3c075ff1b1632549f79c81527e4ae24c38e1cebac550d0615d9ef8961985e7630e4aa7d93856a62226934e8c7d0bb459e98cc57b6acd6a7ddd17e0824858f4100833b5088ee5427fb666148d3ba7dd953eea16ea18154eb75168b7a4b23ce9d1d620a48002717f604d0f72d349b5ea08204e11e29a4fa0bd348b7975280fcfd6770c3a8795df5b22fa12aa1bc962aec22d4cc5ebde72d911b40f2b1a43f297dec99b51bcde279cd7408337f1f7e90e70e50f03c8640edbdad150b696a2e45453ff8c83697090a6287863e8647f85ec2d381bba81a8de31ac1b34b482466f773569cf6e06dd5dd08487c6a87fdb188e8d0d100665d001a08c5092dc24a60795f2990bfc87e48910ec7c6ea0c3fa38fb51605c64c81b5e873930a41657f89cf5c891b14cb5474a6a231067a9ca37d4d537e446bd2bbf3f3d0cdc31a6588fdf34af16fdd6225436555f2ad20f113baf062b9e373fc585572c269384d474a9b241fd3e62ddbd7cf0295ea529c1df459d4416874a314ac73f8683ac111eaa27971ec390bae8a79c03ba5cd6279fa0acacf042dfd83512c62f2cba6f2dbc1eca8537261cdce9f73a91e072036910420521eba5f3ef48e31fbf205d187bb452e403bf1db7fd2fe40512909400659f7035b673b968bfd432d24d518399470b4f4a8fab06c3b2bae1df25fc0f4472b0a599ca502a0315b0d1308d9894184d72e2da334284698be6526e69ef5190c208af5765794219530cb8722d1a4334b48c8dbb905d6f73fc0dee7006a8dcfaba6739d387c4ebc4b8927b189b58f6bef62ae25f345e64be40d124f864048b2f5a2cd6034ef78614924b9f4498fa72bc5fd2ff04eb971b6635a88a19cec26ce5742b766cedaa58de94d3de4f212891bea57d7e122c9ff9bbc88c7edcc6ff5fe10d9bf97a5cca220821ba07957206080e4b6920f03653d8fe7e78453dac06b7787af6fc131223b17b8444c55aa9d3d73a822961a1227a7c59d4db7ef4238ca07cad0bc8da8e96791543562ee91853f86a4e0c41aad932ce3205709db0bd063d63e45e1ccca1ca5cbdecb265a35381636060a588cdc2eedaefdcf294eee2507a05a1cbbc6d0cdb1a2bd384c47c6b554af3411198c991fd1dee1a2d45565f295c1397bcc84b92b2a7f61818fe9a6ed2c638cbad6b39b6f2b2d7260b0002f614660d927f566e7e1cdde61eb1b767a8f8cb2f2bcd992bffd83e4cd5ae4f56da18aff45b8fcc4cdd3459c1043b94dd7856132fc536c2bd77c426eeb483c2d2ad262cde457d0f9cc5e35e97895033e686a1b723b0d8928a53d6ef119c9d233c1d4968f4cc4a7442971ee949daa08abbd463b01352873da5fe251ec2af29eda7524a2c67bade8474c19bcded8879e972e207b8952d9eaa9a8810b5177085d38f69d6bc2e9b7a3026866799d49de5a365fd4053dcaad18ede2980d1213ddfa3b93ee74d2088ebdec890cccc4f6fe8e88e01b2dc5f018e431c5af894a51536c00d64d8cc11937ef7e9b4912c5700c1344ba58bf589b386db6764c881fd3c4bec08f71808d5dcf6e2808f230a82e0ed4775c1c55889d653baff74219023125b928669fc90897bb3843fc70eba7caa1987a134bee9062d62b2dceef92fce13a4df4ed1e696fce1fd6ec48dc94dffbece6992bacab4e03a68f6451f9bbdf2c7f3513bcffedcf746e43cc0934c32a6288dbad236fb3e3633b0a899030b777d464870894311d53e853d1b6d7e613835fd37879a315bcaa686c52612ac6e23fbfc31d63577e931c2fc6394a9dcc0769afca1383983282c173213a6de994af9e6be34840cdba7bd3746ea76179e0b446e8cd775646e6bbf63384b66bd6b8c87ba4693d13985dc50643756bb00ad669501bde05e1a2fcf1eebad5c097f02de4435c55dbe5ea3ab8486ffd1fbdf350e2feaf4ec86666e73262d6aa2934d6ad14804659fcab3369b94e0bbe8356e2470a256f57e73735cdc0cf105455b8d4d57b2ca12cdb39023e12f933a7186080d6859db8af0ba7b2fa40618ee4e70392b0e0e52055fee5b6721dfc55c4a27be641a4ee89ecc6525e9b6bd6dcdd2506a21138e7409c20ef91c5c4ef416a31f18907c8ec9602fa737e0872d5df862f79cdc73323c55c22d58a818a6d07f4fcf6055c44286e42cbad19df00530a7cf567ec11e39df950ca7930e74a417be020308efcea20869c52950eb27f53c6faa951ae136106d5ea647507eff9c90a6ecdf85cd325ef37f8ff8e9c8c6fc75d92625b1b910b88c208d3ea83e130fbb422ca88f94a016f539a599f6283aee6b8a39958223c720c476970c0bf5d1dd3cbc35be5306874e2781260998a82bd4132df4232812fcb525ddd8d2ede2b8b7f0d0dd26abf7f4bd05964377bc5745976d324bc0d7e88a76e8c9b2cd8d0e57343f31795c998966027e7a876d95cc6abde3c290bb3ff51619cb0a2a7577fabf421c1329b82aba09cbd8ed8ddbf94c138e88fec3f024bf534ece41fc260b080f417851d0a07192f3a82ba51e75437ff4288e66d1c861f44c19a2b9c6c3572b14ec045a653c64cb598450628fb567aba8400d6b010064b320e63fdf0171a1377a0317037ff7c348bcc607fce0eba92db87be6d1ea938eeeb8c0d0beef29eade07291595596b62fd585d080374ce8ada1fb29d383ee05ee276c096e5e20d81dffda768a61041293ef1ceadf27956d959b243d5119f5dca46df3ec2fa30cc59a644d8be8288a4bce654f97944893548054201d3d44484723f5c39330daa8435c1762ed23e334c6ae59f1dd0ce93a10b96ecc3a53a15f5a870edc8470ce16d5924954357fb7be5f0e9975cd204e027eb3da705268c189514faebbe498f4f35a2f0dc3ae8de6a8f73e84fe33b5871b2b8491aa469c449e7c34644eb904b380f3960cb6d50493cca8a543b7f90c3b64dc5dea2c55ae3b2c461c91a449d77e63ea55ea7f36b36afe8505f422c3e32922e3b7e0c1ee8a0a0e555fd3fd62e8904b4081a7076ac9743f8c8673bd570e18b40d40290a502ad2d09cb5468980b378350b6330a43b4f0b566dfc05bbd0f5e154ca047986779fa2965bb6dc37de1f21378d249d0750cc9932b59fc4bbdbbf8ecc1e25993e099a0f6b717f0f21fcfd4931df760d330c6d36431bfbe3ee524dfc2f147552728d7c5041931b31a760a904c4203210db11ab15cfa4eaee5155bf26c62f4a5407c56528c6345491d27bd29d7def177909d5f6f13f3b39ae47c18180ba5f1339f217529f8b625df6b2b76a97f07f83e986f8c2d1fa8ccbe2fc424da4d8c3d0ce0f582ac4dd73aaf5e138225d87b09df7699488b0e733141376b16ff23d5a56a32ab8e624b75ed51a179ea8616d5b4a9d0a8c81907cbf88c716b734f8cb2fd54b1d1123b3d33734c50bc5fd7a9497b732eb0632c56c914c70edf692072d211ae76e4d4f6af28d099272f10271cbcfc7ae483c35dcc482731d3a1e8b61f5551bf7ab3674af9fca16a609252d2a13a4af3c24df0cdf942077221e514b0c37e653badf69d08d5fc390677580bd948a76cbc7387d81ffdd6b51f5ece4657820baf0b624fc3127dc668d4750ff9d37dd893f7c7d49bc1f8b7eacf924d96fed337e0b721b887cb6bc8f7fedd823132117e10f071bd873971a8d6da22ed39f576273110c5f39d6030d4612669e55b09abc360b54f819d681552ecacabb3b69ac537a6542574b0150f41d9a50d720a443c94657245452e737d16a91b650a1dd64edc890e0a42187095f2874d26948e9031667a9caa3ddba8638934e5ad4609250ca019ff36119a91ebdade94b8f1490a93900fc4cecfb94005b409c319f723dcc72c6bcea62a70814901075790be72f477e52430e0302eed37cee34132cf5829d78062b8cf9cbe9d84e3b8bcbba795e18eb4912b174755f27abe8547e44e5d68ff5e51e505dd884575a21d9fb5a46f8b6497a3f22cd64dbd02c08a71e2e534f4d832813638920f55dc979d476ab7cdd4d83e4bb60cb964cb2ba0ffef888dd1ff96cbb43a200d155e3f5db2f564c0e74896a12e67d1321907a8ecd912ffc93b357cf02f41aa962859867cb21cada182b1313ae0aecaaa867f774b810ec350da013b6c51868157acf327f77fdd57b7a92dd6464c538bcd8427a5213389aea8ea551ad951b82cbe31a691de28bbdceb98909068bc0b3bc174a1d3296017eeece58569eca1c92048427f5f2a9798d886821cca7cdeaa25ec70d44ff5ec0397a7104c0ded037cbedc0e47220fec3f03673d90a64d4f1edf62729ddeaa1e27724997cabcd2b8f4fb3bebcc9e52582837263041ec24924630ebb77f0fa3bd3751b4cc58253410da97b10e258520695d7626a6587f73e1ded5a55185c480d38a2916ceb573eac468c35553ee05737c5066851357614fa5d025cf0d403d38802afb247a76a0eb73b84f481b0e2aa2f3017ac758e8697695262fa97c3ac1d2a295cc91d3dbd61a5db2a0c0f249962aa483fc661011c39d751c781cd7ee3e79620214ca1211a7811f42f698186b28d15d749090bb0c1b980b740dec29ffde8b934c0b98b702fe389d717e5b46801b0790175f70ce3e0fbac83b78059bdaadaa4b1e3be6f7cf424927d7d0804d6d50d05dd2df7ff1c82ccfedaac923a0738bea9da7c25fbee8012f186a60e8cdc57dc964dd84f0f2a69ad2db12a0d9e756a077e990482758e4e4ef4dfddaf9868806fdc06ae7771de3df03b6083be056e74d6dbf63c76e680b91d6a706a41f1c419e9f1b003b97c55a2843eb21ea48c9f3fec6476105f4f9a07141198f5ad4c868463d1d753d3923b719700a007316e7551285358c8d72cf51ddb258cdc2978a41bedb8f028a65f22e4ea5643b4041dcb60d5cf33dbff9c952ebbd017091d3d88b10b8cb3b76805a3b405bff361e7c59a5275b7d2785943f0e7a6b3dae9830bfa0b44f07993f050d497fe3b7614c34545c3b1cd7bae81dec210eee1ad6e3c1c91d0a67629b1ffc041e6f2a330a0929b03b46235bb05b4c0d24764491edf7e20d6c65544cd9c613a050ffed55279a01d3a2f98d5c0174406d2ae94ff48b619e2d39fbbbdd6c531b4fc3f1186a7c337308a002e2f8d4ea97d261c4fd8308dbcbd5e3e92fb02acd8a9742468f88b8f06c0916c724075005ca512bf7cf0bc17629c555b3c64d63574d7250012e1a8fc98e0ff6cfa6281e68b61167a8ddef4e8a300c16006876b8be58ce428e96346bffeeb83e23e1ab1497303dccc2b452e2e863925a96cb1f4ada2612634e2f8f3d72060296cea4ebce1a0f0a61308704666798a7efe5f205ddc91034500ac44796b1d59e8f1f09918611e85f5657c481862aeba730e5043a44ad4969923c29d424e5ff96c677f0dba9ffede07bed60f9257d3cacb58cdb64d29574888c2eff6d13ad9e89a53659d9ae071e2783b5e01eff43966e9e6f19c2a3267d85e8830be3436e7c80f379c9674844e0d747d1935e248be5a1932324e8200f52c14786ebf7a7f0964d72dcb15e994260e66547bdd5a425908c798b461e016df15d585e7232bf5a2bdb1695423d9990ff2eeb731762e36113108612306b84039cb62628d0736b23a16801e3c2e4bd8dda5ec7226ce68c4d60a15c309ec43a14df0e8a45e62978c318e819291361d8008d0a19ab6398026889c18170e88858a7ad0f2903de0d928a802b7ce99f72984f7a7390e7b75b18d6f9235f38e23ab16823cf6aaa3cd19459da106a4ce1feaec17faf600b900c6cbbecf692968ecdf33394335fd2a31d27459e1bc713652d59e3465a95d197ce9e3b9db21f75889f8ff6351382b003afb7857ecc820c0534d9183e9ef2beee8927d6a295463e1bf21b8a33742ddedb0a88c8065d588b54aad042600341c678d19738191b48211d93d092e54036243e42bfad3b5bfeeca011345bb4ac01ae6a045042e75120121e15dd692608da1a311666fac76d9f1301312696f5d1760d74f9e16b72f964194be33b7b59e8846fd4ae29090cfe2b57c4af5552068f8283deb065ecd821cd6f0c82adac0c1cd2b28dcfc23aac0b4bc93db8aaa9cb32966297d8c4cb606b91dcd124ee8122d110bc5b742e0ea933c72c6bb91056ee6215cae1407b54c742bcbeb1148914a549001c27bae074d53088c7d77a24353942dfc60afbf01949c2689bce4ae8b0ad1ed9ac00cf8655c3444ab23b21af0a483c74721018fe094ac18f7e8998b0bfa3e3737074aacd2e630f5a1a2a8bf46e9e46b7d2aeba0a25947370029936ced5b168404f7d050cfa1582694bbcdddf2d60949045113226327d9c966d911b5fa0d080b142aa9879dff9cb717b695a44b15995248e9eb044826c0ca8612a10f99b4f2a0b5b8c3a8b0750650b959beb5cf93d01800fd230b0f721b8a9576b3d2442b23a3abb078e034de3992cb950ad0034cf99d982b601c3600e9ca6ceeef75113310ee61fd3adbc3b64cf068f5a75f3b8dc41ab7c92024f0441cdaad0afe1a45a8e2601fea19a2b837f956dd35f777cbdec8e8951120663badc04363df4d0403e149145240ba0048b0c3ecd1b599191eae772cb3ac89951a61c7d1ca84d785050113a77d3b22f9938d3c2488c5cc7735edbcdac2dd291b580207a8c6c137e0bde0f382bcd2fa12d0a6b659b5e040f0e9f6142818688965443695c289236e5d4f8dac5a1fc4b390208fbf444e525824e85a69d65fdf855d27f5713310fc8e26d85a64a1d5555ec578a77730d328d63ffba073dd1d3df1e6ef58abff784381c1ddcd457a8f7bfe7e2aafef7b4e8363390eb354d98b3f1be4a5e17efca7b50f176ecb81ab9d0e5f7377f280341b7bd0e7888d4fa00f503a134bb88907001e57b20770ccdb11279ec27e8a372b439f2b100e96d4a59551efa48ce8f46cbb8bcb4a8a1aa12c7beca2b9e504640dbafbe75374ac2b1d2991bffd938730d39341d86cd1b50ca417cadadc1a05c41721a7454ebc6c8c2ea1fd9450b47438f323c847278dc6a65b4d4a74631e3a65d2e7a7b68e3f95db1885ba68eb57667e16686763144f04b10089162fa07f9ce3c6bd658ae6120c6dfedb9369f325d3ae8def5cc95d556982ea5fc7f781dfc8d7b79a49dd5ef1a132d98145a7bc9a38304a95cfc4ce18129c258e8f5d5a83552629c4e2cd1b14bcccbe3d445568cad882b33bd092d41a8849ed7d8e238ba22d15b8f25c9d9d5a0f567321e255deed0cebf2f7c1f99de49b2b588f63cf06db3b0d2fceafb03e4e16444bbf457dd231f59ee1ac0f167f4a33c628ca46eed1ed0841268e65183c100fe9640460410d29a94bdcaa29b4a7c20eba1d77c46e3dc3f07dc2a8d6b11be06813ae9e5714e710ee4b610e0a605fc4b38c2a378c134823c6846743d2d03350208d3568ca90aa5f3239e74aba7a180c23e328ba4a39babbcf9bfc9d3f29d6c291f189b1e09240ff14d653fefd781d4637beca523c84ef5bb4ed9197bc9930ed4710115ed2e9894aff4bccf6ae83f638b48d22e76bcc95c4806b247eb785b4dc36ae1d640812a198a11f78636d459accfd12c453903d2eb051af32afbda1386c0fb91e12640f7d11db2f7efcc8bf57a580da9d85387296d0faa18c4c29326120fc58c3a4311ed35d999e02b6d51e06e3fc5d3e94e60f964f03c6440f551315d468f304870d8c74f0ced1e4036d71ac3835753c3be69088f8cf2cf7e74d42488e3debc8389ad97b96968f0ad9481c9408e7d3681a91c5e032470c10fe48415e7b4abc935f30e30bdf1fc917931d63820bf9013142427f8a09b7744e97b90a1d2ccb61f19a64558a1df6da64177c82e30f1f588af2797c77d2aa09da2e579baaee244086b0879170eb738ef681935b79cc06e46c0fca76a4f137259c0c93390530f374b05824693f2b02ef4755292f6c831872513210f3c78040625ab20bb28c03033d2564d2362872e0e168042a3bac60de00422840d95ef0c46b6b5888b22a580505444c2e83390ebb3b336593cfdc21c1c3d67e82e4415ee10b8b0b2d1ee995fbf2915725e0ade7cefcf027ab72118433e46fb2d3f74afe9836a3f508344107305c33117fa5e4561df59f7924dc8454a6baaec86bf0d32c3a1de7f0944c735de3df0cff6520ac06e64012023636385001348004d953e1fa9f4f6ad696f19db3396dff85144585a3ce6dc2f54350304df0b6d43200268cf5f77c3909c14571df9b4eb3376471200241eff9034a726dbc4fbb2468d1fb26d9d5b6617ec68ded9227fba0bb9dd485f8dba3f30e08d6fb8c2a3b8f2bf7617c385a7be3a7f2bd9c20af18ab90d1980d179a4c67b694a548043cecceb04e6bbbabe63f7e5a896f7e373801989ad56919191068598a8d95142ceda4c576c7a5d9cdfdca1d73a61f70f071305d275090a215681dadb4a8a8d016f65033e8ddffba40b5e2769be86abc0435d0ef925399bbc90211883b58bc0c801057df9ea7b3b753b67bcc6ed4b4257ea1142f19a17a3fcd4602c687e20bd911bcaf3de96b95374dfa0a3b17b0e7ce66320df143db1fcd7ef8c8ad03e2aa6c61991ad91f0d0b7b45b48949f051c0b23eef34c89f8ab6194a0181a03bc7d20235d344e819ed5cd0846d0956397be9937397e30272bb405c948a2b2999e11ce421163fa9648128dca3a8747b7dcc9bb949f0f6f3ad2093e6c5691d691014a3907dcd60f448695b86258d31437c862fd92d6c869fa39f3460086201f0c35eb394f651ecd917f8c7bc7624d1090676599995cbcc9f5260d9a7b14ffa71745a1912060da5e8200b98def77994243ef8a471ed1fb78a59721e01103e16d418d0340ffb88bf4f999cdf957df0e9f1f1355724a1aa644d7412e51250ce7c424d6dabfd6694a3c8bb02538f26742bc72b9cb1bb3abd55f8fbc41811daf477764438a36e0df299289264ed62a20c8111900e3921a9de1c3d8f16877f37f65419014f69b8b515bb358abe85b5bdd11986fb1ea7bd36bac7c191b84ed9c5276df386fb0aa6c041542a577242d9272606a276f5d3fcbc3f2ba0ecfdee1969daba3524e620c7055677d4c235d50cbe787a721e48af373ffeaa22ec5744f9123a7cacbaf2ae44c077d538b6056e3248a93f0dc09b291f933444cae2a41499e31b0ccf13aac39731136647050023c11eceac6024be47271a1696659666e8d5a0fc31e5c3c2172d33a8e5f53cd9f34a554d5bb21332808084b0b8fefd6df293cc784eaa70c5df43d503f47dd521d117c397a60b869f7a7bc010201b1908c7eab9c88a68777fee5ccd3ef4626dff54f0d9f0e787efb69a34ab2d1f6cb77a5b9a034f3e1b23848058664807a029626437735889ed4b56ea963a5c087e76ae6962bf3606929eba61f562fba39f4f24b906388e302b87339a193306a4e9d1ff9766996f1c637716211733a9ee3ab0a3aca6f4168d495131bc6a02f9f48a39c12ab01b324a4ab1b652dff070693a1bbe98913a923b666d178baa72f0271734e825ab8656474ab79c7d0482469242527b549a1a43953cadead30d61ff4527949c623c08b39e26aa8a94256d81e4645ff95bd9ec573f52f17020e93eceb081e0e44f8ddb7c22ece4de67985b1cff1193c000fe94577aa603d7f22023a90408fa7f9b1ed069a96203d495e0279a0e97c69008c7dd93aa3bc18186be59c1faca1132b9bfa0b69a4d3dabdbf1e77012c31f81d95a0520c28bd064ae917324403dfa3def31809de6c2b273ce3fe9393bdf8021d0d5396fcd005725eb18cc0f623058719e972299c8f3b4a6efad6112ec35ca753983a3dfed64e1aac4c42138732feb027fb49b2af719749b73289ea232a49648d924a1afbd81818c7cc208becc7577492668a25adeb1eee60b61f0f7605d9ef4cfcaa1c09514614f4b4e6d3e1b4d37761c13c0126a1d9daa35ccf6dbd261607f2ab110c9e687eae25314ba2bd35a6846b5dd898cfb05b435ef49d3fa19fdd7e2af12665f478232ffeac79a22e340cb1be5dfbad05691b2fd74fa92f3e29a78cfd879ca20056f1ffcbb5c13068ccf96b79a644ecefd74017fd798fc0c0786d6ba34a5bcb805045a037ad5ca7eaee063059a44fb7a34054282d1fb1dd5b3ed1cd61ef9817a3f9a41af87051477b664a07132dd19dbf38ea8c8fc18a3db4bc039fd88c44912b5164eabb7ac990ee684a00c5c740f67161fd6780081470977b1c1c3013192928ab4d9ddf1e6585009d9165c0ed38e1a3781d8b0f07913c8aff086e27d07663df3c6173cd772296b5a05f2cfbef44f6422db2397c623b640180d5718555dfe7bac8a5bc7d63afffe278ad35582cae631aba3d314947b30d04b740216a2111bd05694ddbba7121b6d829a986ae016fffe76d0a2d1349de0999a2f3f71d2584ae1b53bb2301359c84512852fa8389c49a0c4b205739973e19bb4fb403a9bb3eebcb69d54fcb77aa00c98e64d6798bb2b33005c7a4aff820d35d963a9b0bb26f8115f8ff3d65e8ce65094fb7a85fdb27ab7de457a0afa2810afaaea8f6b2e09149fa0d376f56285631ade39aafefe1b77c0902601e9bfc3420fb975af873ec4a21fcfe5a1436090ed30217dde0e77aad5d70cbae6e15735d455c0c8aba36717537e9839b47fb576711697edd0dea1782a8bc4d0157e6a2696158e4f2e440af13c95b0125d7ce0b50b06a292d98566df2b794e5757dad5e363470b3d3aeed39a7ac1ca92e4f105a8c8a9615c30298b841221d4e4646d06d952e8668004e2ba698d6059244abd1977da8da7b798ae73768e09138ea7462f886cdee98e134d3cb5dd3efe6240e4fae000c80fb77e34366d87fbc0d15f2858faf538cf0bb86320049b303f198ce1dbd99f7c56d6d5959704786006c95e2121db799f6654d80d313f63036c360dccc0a3aa45f2faa57ddf41207012b144c71f6cad4db9a3ecf0d06633c27954c0686c965bebec3c470e877bf159cfa371b97f589dda5ace7e0dea1c0de91cf378c4cb435a0450a358e6b887a67c5340ed52dc839f13779336858e148ba9f55f9ece6a973a6fabf128490299d7e8a6fcdabec1b57966b4e0e72927a5a4d79107c608c7e12339f429f2e91fdd55869a0c8d44b6be2c2fe72f9a5483143ea3527ffb6465c1e9a300493099cab61b438390423400c2e7952b8d80203ead71a3f108da6d3042bcf1d6983e6cee00c89a90b4070543756aecf7e9f3ad26657457568d32421139fe0ad69de562ef68c3be1acd22475b4fc972b9fe50dd1d1e9b354bf52c8aad5caf1738c0312640f204a139bda5b7d6a8ce298005f9b385b5a83d133fa3606bc81b02c400ab942b9952127ba7811c5037b7f1c2e00988336d2fae98336f85ad5cb01b4c07e07f27f1ad11993cd8715fc5efaee36cba7249fe3bdbfd1344e358d8e540902437fd23223f26aa12b7f41f8f2d266c12b6c396d95bffb94267f4d7d05ace0066f04582b31817a806195d9d60e1ef562f67b39587991d0fa4d4fd70e064937ccd51b1a9151eb38ac41779f86436b13ffbddd25396dc9a1857c579c59ec93ac4e676519aa9e5bffa5f78aec727e2269655203dc2167c9db967c12db37188faf9b8a9d6cad03b163ce78a176caa82008a19bef386470b025f6b01e7132bc8db53615445606b9e4dc6a2f2a44ca6bdc025dfd9c22b408c30c0b21c92bd8219a32ff34f6fbe9fbdf8b52457c822079f9bfea3f29f7a8df94e3fa4ec4f6853afdd3c86a513919c76cafbfe337a60c15712fa92c641740d588fc69b47f1e880a945d1750eb28f414f15624d53612dff4b222555befdf5ea2b333ed73254b8a93c6d1aba675296bdadc7d6b8470120bfdb8ade832ad1259dd8b54beac8cac063e5e2957a67b383320e0d995c069ab282747f6702c064c234b7ab8fcbb13fecf15d58ba0a382e836768766b63b0fe8600c44dcae9149fbf369daefea20c2696513efbe34808718d696f9789495f0e2620cfd3e7c88a0f339bb268795bd1d74efc2467139b6479a535a8ef1b419219624d9873e9bc6b32eaf9187813ee5db93ee0e681bcbdc3c5f2a0fc61f82d9fcd6c7bc7343e2e26e0248d5748b6f287facb52eef2940b08da66ff465bcfd55a74bd505a0e5441e6baf72eb830a616e519935c1dff9edefa6109a3d01bceed0d7f562302f9846e9574e7d42d17c9f5eaa9ae0558765abec2da367cd22b3192548259c4f7432c6dfb8dd5586bad520b335fc063b2d077d95379bc1404cadb2bfff8c318c16fd1d425e3d1c7fdd9290d1954b30d60079495d27ebefdebabbdac22633be968b1d862f4ff7c71e96ddba62bf2c87b676c8871aebe7f7334f7add2fa1432689b0b1b9332d064010a37eef82f95ad0a7e73046fd51fa4a504b63a59ecb79629ad5fede472e8d1665e377045170fd7ba68920502ba60acf86e5c8d714b4fc8d08452d57aaedc458a1a8b319974dd4ca346f22f58d012c30265b1d2ebe496ebc4421fd47c2470a88c393f02afec63485c88dc295fceff757ccac87b43648e2d341c2d16850ea4e577c3b3d1e1db7da7ff6c5c5c8b46e3b5286836f2d34ea5ea925f8ddf9117a466a1b1fd071dacb123a3c0a1ee38f231c5c834826976e960d842e8697051c6758691f386ad6404ccb3881a43e66087e94913afe2a7e2e62c34d0235b9698166750742851cecd97ec4c0d1835af887b4954d62f2e8b19234e4fe8dc90f7153ab365da3bcfe70798d513581dc2712f2a10a562d29f1c193be16986224f2cec2bf1fbb377ebc415565811299b80b738efd99f1112e73864ef4a2f4565f83fa9e4953c6f4a218829fe4a066756c62974027e836afdcb55e04f40dd81c75e44239aca975fb9f9702b598da157a72207cc333ba8d08245593a89bbd9d1121a655ee28581c92f8d33bd826ed43c14c0dd7288c93f7f1c3be7c35fde66413cc1062390f23c2998fbf8099ee45dc231cae4cf05f5d70af38309ef8e10b8660d7d6c74283354dba0feb03b06b34447c1b3d69d5763c55fda51fe956d339408094140e125b58165f70f6b09a52e5cf167f97c33896c4799d0370216f1faa67b0f7320c9cf3f771aae69234ecd3cda3395be0619e022a6e33d5a21ee74756e2ca61583870f18d649f0bd516a7b12e565a77fb628c31e49ccce350c421a7612b5e4ed6c8e1f16e6a9d10787448d66fc134518dbc0aee71b247bf1ccb85e071d927bd678d938613509487459d6e753df3facc43ceb78695c9dcfa0597765cf6303ab6c6ae2a7c0f56fcf4aa6294fc91b16bd5ad393428d7d56f66e119113988ab70c9870e7123bb45e2e73c0ac71d2c1477ad4fd03ad64ba26b9e48541ec850796c7e7053ae1d6074e2f2d3190f1808ec8ea7fad694c6f2cffd29a7b838592e9e2e1d02d6b143637c2806aef1192491cb8a798af5a608410982519d12d0d33c848713a54719b0e5615ef2151cc394075c4912602334105ec3442b0b7881ed68b9aeef6bc84fb3a7b094d016326247df6a671667c992de188b11731a709e562777af40253ea90313befcd8d237a1134877a957838c049bb38d1094999b8dee08a7de80feeba9aecb7177ea5011c5ced6ed10c89d8926d4bb81a16563ebc63e83c7138c9050338f9bcd2a0846df92eb3e1b54c6b5846668da542c75e31d9f5070387d60c7c1a5eeb5dd16e24ec98b0d37bc15b19c49b62d2b23da94bc679d642f3580a6abe8f7679d535b7eafa7d881349b300b63b49efdc8569a7177e2442a918049f37ef4c094e48e4eacd92001f9bfc373d89b8425a6794ae87331d061d7ad5ef5a9ce8b7a17bb713a9ac56cb95845ea23c3edba595ea73848598aa4647fec22c4d39d18ec8652830359a4de8893c711cc7c51006e9820dd8523e507e87b0dd716aed7850281cce2019a80d3cb79824e18803d6b7a681e9f6bc396144d1abcc513ea73f899fc9556f82eba0f4230974d36bb4918c30496158babdc72c7718642a19142e88e8851ebc3ba0879058928e3841203b4b68846c52a11be2bf7ded461e69b57189184d46ce563cf5af7dfdf360dfc5e21f15ceafcf1af4df2d303cd46df73e9da59aa327f537f2a4c35aa19ba8dc18ab9c3e9aec7be4503a778538f455285b905049e7f97745615cbf0eaa8c32d212b3efe75786c28766286326a64bc78e240997c268aaa650561a6f7d9e2838b58771a3d4e048f3bcee80b1ae270351482c02964d9dc5f863681816f6c4e753aad59ad6d7ddc0d000247bb5b22bb6d7d84b33214d4315b8caa691dd33023b93da1de5e255665010bc0c7b4a5752d8c4b35030081a4fbc8c4586315132cce8b67f458ddb9b8d5aa125d8dbc3ea5fda4e734429f8d10a734c9f54907eb5dffd90b1c5e4e40201e0827503f561c9cb2b6fdcc43cec07d0a60afc7d551b66be2051118c488923a44121621e376a499f571d3fe69c829e6f04d5fbbe56cee171137b6a9ded22e99c89eb730ee752986f3e2729417a52ca2b99583c02b2c81a5596c30d47f6d1a0760f734746539659498f029fda8fc90764925fe54308f88ea0e7beb660f0c92d69fc7debfc7493e3b979ea5f34413cbbc9e5d903fd2d1890801672af327c150dba6c7bfb8bd541fb2fd7bbec2c83705e37d38d9cca3b2661372850f72a074e5540c76b01dee4edbf754b688df79b619ce0ff5c0aceab17715d27683c67f42158e1a85afa8dc33d76c9bf4bdffd43899ca936c2562044f4c5eebf3d690cb2a6d4b9dfa06a64f10c244ab53cf3ff9d15e7818dc0e42950ee88472daa18c474b1f7d5d00b8152f2e56a804f456ed797f89ba9bca91856a4764222832f558ada5d9ae6e978f0dd8375633ac877331484fd527c5bfb2d3d9b906b229a22ebf14462cbeac2fa442281c621ad84e7600961ad98ab01bfc41e23c5c6d6bee2fb6aa0eb9cfee30f6003ccec542f9b7bb34e51e120a47e40929ba52e976ddcebe63abf2e2b92b40363b486dfb9f8fedc8bd8d2359ccf404f8b3d3540a49c7bf345b92124b45c9882a14d711abb7d5cea2a297eeb8af96a4350f5896d11ee8e1ad9ba405ccbe1ce3d54496b58aca34967e387d2edff990823928efc59d51a93d6a5a71832641f8e6d4fc1b28679380f544576c339b96c28501d8da802fdb8d187f4e5010fb2f4d447e44eedf8f3eb32087ccb32bf500634139d7f47687d6669da514d214f69ee40963c52adbc4c2a26c43265c012e560dcea339ff8357e9bb24267832970160e501189a089540d47e55258a23d37d16dd1415834984628e4c9e873ecdf930a9582f4678d936c6667d75c25e62928b6469549bee21b4708c5946bc22ced186d4504fb85a9aaa8a10814be7840837de0d232839fc590514d779cf33f46bf8625763b9c2d3bb4c7c5cfa39f69142de58b04271b27309c7ecc24a2fba283039998dac5fe63f3da6bb054e7a15d95390135393af498e9e7d339cf6c3d442cb757e0b33f8a4b97d02e2ad22003d5840683a9395530f55c6da2970aba846e94dafe527742fea2cd1707314a9b0524486d3edab40f20e692524bb3f7e003f8af1c02a6abe791d27e792b53ad8000bf730235849d82ce168f775c1428589b6c102386c92af8755a82335a9c81cd1d63f46578b155811b92fe7cfa5bc4858b140f258bb53a4abe5d9b7c6c9336c8b787a4e1c525edad3f2d8708d250b79163b66a6c7e1ac9f7b0edfb451eebf2c3ef599d40bea15069d618e098d94f536f6d8eda2df105d485671f474f382bb97bc8807d5697b5626e4df23a205af5219355b8090fcf29113b1bb50f0b6c1a9d578b9ad959ceceeb3ede9a6f8fc57198d4b44c1342b494e5d5cb6625174ba268f9674bf67de7c4d2f7b69c2d7279c0d95e4909cc95e948a55af518f49235958368111d55bff0aed13608d242dcd48c925a64d61a19fa5beddee9b28470a7a985de7fa25f0c9c8d1ae255c78e172732579d013837dda9933ac2dfc2a038618f509bebf03dac50be47a2450a80c607e03979fa89bf859aa44b41385643fe0d660945d37f4620b716f270b54b759cb7d3b80189bad4b450bbdbfe7a5f2ff08497f7c5004def2c0aef26b9817436d98f639ad5e088f9a550e532925218a4d7ddf52d9a35aed354c3c7e827b9ca021c1cfe3c24c2da8aa1aa64954f26ec11fbb45c928651ff4e2b91bad6bed458a0dcff6c3c650b951806df976510e411eead047ee96f6d924049ffaf70e8d81b815076fdacad66c6f04f2ca0b610e1e6f543f3cf2884a67d29807a4fe64d95977bb51cedd3a0ec77daebf2a28863f3e79b02fe8663e67b86733135f165d30e3aaa40db41caf97011922941bbd097a4ff80a546c35b277cc197dbb7f7f668c56b365fcfb91c197ed9bacad84fc6b795ea5be6faf4d78d44e0758058f7fa328199166f3398d113ed143da0757b302643974f6b2c6fbcc9ce330eaaacba4edd82e307fa31e048322187b9a91c5f31ac6585404e79dc4df05016a648f120c7cdff4a819d2d0c0a2e1ac6be1fcc1f4f3442971f2c39946ad575566b3af92811fff881394fbcc15ea916c8ab8e01dc51fa788eb4099fa996d517dfe1fe856c17d2f40509aa9908d09a0572237863cf720fa5a7810b80c3d3baa42b16dbb1661b1e8eae4cd3418f75587953c8d6dcf69b3380a5d9876bdbdf5d7afeb5ff599a14308e20b070c8c99b65eea044a81b313b5b0cf5e828c4d6ced21af94c77a422463a937d631ab6c3160ec1ad5369f892c91dba1843e4456369609dfeb01e3e2abccfca8bf7f38594739f8b1390685c985096c5213e555c8df3499d7a24b1c108738f2f7939b396a0bc84f794a04cb1f7b5b8bc6da5351ac761f3c034e6103606de710996fe57f7eb0f00e821427f137afbdabb8cece869a53fd87dbd23cffb761f6ee2e26e228803ee8d6aef706d39f0903acffb45cf23e007036f3b7dca38718d78b7560fa87a4a697ad919e2de279d4e0b44878c08b791bdfc66077bec95bcf521314d33ff7712980088b547edb706678eebbbdf122a9e7b1113ec91f1a301a5fc4a4c5660777bb75c27826f988d55322d6cff53cd1621db6910c3273e99ce0c432805c549bc72b11968f6e9e8ce3f11e95a6c578c0651378588a4ef28616545a323f432eee17ca50db582a80a0a507f50fc584da0e48174fb029115d521bacf10ec35d98c4d3f1591621fd41978f2aff5d0e7cdcddc8edc708ced2539d74350e25b12bcc0383a4e1ef32e72fde6c127733e2e49cda3d09f40d498bef370f565a571fd96dbd8fb1f3b241d5dbbd67c750e3d5159c04fe29e669ea743e70d08db26845932cd136cfa0473d01802a9c7551d08bc3dd54ef6873598298b86dcbeb1bc4662e499c25fe5899148277c5b62d20f3bbf9d65d1313b9f68de75969d3aa356e6b3937f7175579e2a4b19c9772602ed72530cae6ff9c760d03f6d6c42298dd1d498547455f0659299b52ee710c1af17cf970eaade260364612397a1a19b86540be32dc3e1842712e84ebfc7d3e26e0627dfc138aaf211dbe3daedd4bfe387e946f33e6bf008a4dbdad775ea91762b34eb1ba707d8e06c8a6fd174175abb2cac42169777ce0b0ff77ea14536ae0972de984e652a6add5eb735f4f7cdead79621c5fefbe4676d46cc5555898576784ebbd313cc5a6a4766097a5ec00973f5a19b91d80b72e98e41c2b730ce5639f8faeabdf543df1373fc72e9a040436d4532a77341d68c10b794a9a541e22645ce901c61524bcb3cbd8ee1d3b4e237e531bbd92270b72e85b436f040da3c84235189f431634a7c675b7f0d42517099aab5fcfe1c024d9e5b9825a50f9cd827cab1eb93afc7d1a994161df409dc80f5191ade65f7ecae553cb156fd0a922505d8ea898ad44621a9000c97a2f81e309f797db8b9c1322cc95b1d1d1eceff536e18060b05281b55a8813d3359c6eed29d4dd66d4d774545c9c38934e652df42e75a5d3161e5564db3432aafe29fad55986dac020421bdd7349702ccdb25cd38c44e18756a9b261f2be33b10d457721746a55d234bb5d1cec03b75a83e4d0e156a71c84172ca19ca6d6d986205c3d7c2345e15642a0395f534346a7ba0bb221f9419facfc6cbe4f5de7ad975af950f863123220aaaa67d78692311373722389b5b6d0ad9e2bd61a392ea7085243326e3331de56f3ce448e9e7db47c34126d0f3eac78ad36d61b7c6289145845669f2100f429c6745c44809f28786962f00ed19007e06173bcbe0d752b8ccacb3109bb63bdbb1823f5d866a956e84388bebaa1329b1150f1550e63877c306905c0ec1314a0dcbe5007dc4fedf0350a83245f7cfedcdb56e684dc1e99b1fea2d9d0aa83e8b44f70ed677d094d3db107e04be82f20962bc0ee6a7d8e6d35948acb71965c1e1543aefe0b019655aa8c3486b45c1b2aa489e876d6d0a311b9c789ec92f6584062d0fc45ed7733db82f5b44307c647b9315416a6186e06d8495294968e79c2f13a81468c42ee488f95d3602bdbd68e09def79e2b2197b398df30b26ef5ca6b422c37a0f741de6ef431bf67a5ad1a3f5cc5bb53b3fac88a2500353ebd5e5ef890ea55ddaa7c5ad2ad90fa77591cbb74cad2a0787e51d21b0a85e85bead80577bfbf5a7482f8c1a501b4234cd74b8180648244afd3f5d2dbf53d63160aff212d37815899371a86a6a6f3b9c71dd1110dbd1487ec4a017fec884065db81b3ad75a83ccaf58432eb3483cf0d080347143e0fd3435b173ff9ee2c097c969c61745aa609255265dcacf5469bb7045efac308e797ce6e08377515a64800c47ab8f4e16e1fb3f5e670cbc1989ce7ae63e03bffe226957e866b2816cfb00e71af1fed71d4751cc56238e42212995c1ace8f1a730dba8eda838aaaf24f512fafb7c8a44c3c2cbbc7dfa0d277c8608461b70244d0a7b770579f1c4af92a258f1501d2438e10a942f6ff53756e0c5e1b094349e3fef84a920ac6b748c234d8e5ffad76842d82f036f9cd6944d8a74f7b03bf1df3655721359475b082c89131a1f65dc4ffdaed3a9fcbfc99fb27ddd1944e27c97e24fbff19a00390c833acae99fa5dfb0ca5cb02c9bf4e1efa0de3d05cba90e2573fd4e8828d28b0a228a03f27b4580bf3ab62a45cd8376f28503af42c8ee342e4d5cd5bd4c7b4eebf0d9724459114b3f2c02f63ccf5cb2aaca09f55be86cd17e94c7e2d04a06941cc7adf3bccb8c4dd818483f87c6b1277ea384eeee0ce270bb1600eaaa615316b9ae447b8af1c82a4ed32c9032f1430ede27eee8de0c2a7a579a5cf92f50a86a8cfa05bce875583d2014bbfed8f0b322c96a6089863b110af53713341a4056f4c8e83c66d71d435dd0ec4ac0a2083cccccad495a9db8f8aed600d6b8b294b9a1670c849a8d0019701d082db8aeee60ca11ae450ff1fc54b5a5d6c9f20fb68dbe400da3354d3591d3f7e404ce7d93acbd7c57b591ee2a25fbe570fafda384192bc14ab29145470d9e1e7a488fb07af28967a1b248457e08d9d813f385e0f7f8be9c4bd6d01312d0bcc803bd158c733ed84b02798c9d8f389563026322114e8aa35202b461f92aa5c511a8e462453947616cdfe71e7548b72d4cfd6971efc17960fe619abc2e2796121f005f706ecedeab0ebabeac5ab8f7cae9e73148dfe790a896bd18a0b4b985baf4f6885710a6f11466eb4c29b9650197d8eac5abc5770a6dd17834487ff7e289aa36f6cce07bae6c0a38090272c7702fe61aa8cfa47eed3ef1e0129b6c03c76af931ce1f2496b4d8bf8fbad6202a215c0e92d90cfe967e7f2c608e031bab804074018f7fc8a8d67fbdd445447c4cc40c364730ca9c8c70170338f66d674edf5f8206431341556bd3ed46ae5b5a037d3281b5131e54760df8d2f29ebf5caf0d8142239a32380a3f0d324c2d646f6752f180cb8a50ab13aa641e137654751dbc5df6cbc25f0ffd20f32c79539022ca4ee13a7082f9a84d98ed433a513156c454366618047bb28868fdfc6e7d3aa590dd462fa33e2521e031faaa29dd4522ed60517e350835a1748fd5eb5a8b76e1ca3f550a025b19036ffec1bfc72eaa2d21959b10b4e5486abfd54613c39357c472ffdd151daf821e3b61911c195989cf9794311536205f577335e734a946ffab8dc226b794f87f9c01d7f0b0c761d6512faa2287fcd560900f0021f1756a6c54d1ed8a0be7a4b89287d891a7b285145984c04d4edbaff7032fc76ea86f65041f339c502869619693fee521c92dac4b1e305fd2d4b2e715fe2dddf6baf8f19f0ae15910a8342778946f393c0c98c0aef0b142a1e5eed9bd3e9efb717f0115adbdcc371d967eee6665c5b12bc3c166f8a666abbe54a306ef62f9c633369d9fc3416a677da2fef605af4d78b22a8537265cc79f626ae8e2a5a25ca048efc35041a727289a6a018d80e30be7b3a716a0f8db80d6e1763a1c3d787f5d00b2b1a73ab427d87e0664145b4f9715c0fe15b8a92c446f9d753d3d68c6e65ad68a72c06f07264a7518fc78ec6058816068aeaf8f8fa325c0d82c84aea762aff55bb776489ff9c8fc97942a9a548bfc8c73705b960b4826c8408a78a239e338886914f56224cfa03d58b7f7893f24797d696962c59002ed19c176f740d9a8b5f12cb0d2f5036ab4b6130000bc55178ddff0d06941e097d49532483f3e81abc7bfe061376f55108acb40abf90aeb1eb892684d3ae2b9e7dee79b381ae1b14e9edfe6338d0b2016e026d0438dff92f90ccd70f54486d5f32de606debb50f25cb6b38d571bdec851d9723e26a3af40b1239ddc589e2b9f5d61a10dceb09948f143e76759c3b69d46e3ba0279ac6d630c8da227e07ff4e43d2cea7faa8c1ea25795d8d62b45c4b434f703376f0fb95ca575df71a487000753a1c7862fe7acf3695dcaa49ea3e58c062c716b72673a3baae9791b96a605c6d722c638c6d44b7da9ddf958b48c52c5d8869f66fd3b5db39f781d4f4d44a0062361781e30c2c6dac4229a0880c0f8b2612a9c797ffb9b9de87f6d61f8d6990e8529d3b6830ca3c086ab38bc0a4f4e13976d917b45ee0b98ca76b6513747aa104361a0796052c311e00f8a71359dca67dacdad098a2773e2e16e9df6745a937b8caa6e8c39464fc2896c0da7f956f3e3af16ffde2da5be2a70e0a0fdfe7ab0705f09601d2154a37dc2479a2151c4b70cfbb99bc89562046a45c1b9381f4e7f892811b6bd2814e1d225793daf02a309d08d6f9b0528c0fa8e72f9e5a9049f01eeb4ff3956340134494705b12006925b75560cfdc10b8fede3fb45cba0fccde8762bdcedcc6c25f88295bc34a62e9744bc33170f69409f055ff30cb166d6616b05e13b998b718fe2b25699d4e25cf4c118b9263c9b2abce6c2617b80d14784840dbc773212aac85162a9f575e16ddbfc158c8ec67f7f57595e298347f69ce420b1d34875a1c32dd7e5997b222d78fa79619515bac93d46ea4ea87ff25e4c5bf721d7b121441482f0b469f22ad0a40a993e95080b550c9d2c824113158aabe1fc6fe340200068d10fbf875876435a748a0dcf0377b183e55e6adc14346cd0cc4690ca7089c488696ef7867ade7ca159517f05f6d4e93aec5d91c41eac4e4563f7260495815ca397c7e7f50b6fbba01ed90f05389986be8aa7498faf48001e2171ba1b34653e8ea243a925f3d80bd10483f611cef2a1a48a1db250d6a957cfaceeeaeec5cafb694e51f2ec756b43dd20c1eb814fb48ccf69e7cc72680b88e71c4ca75471aecdb615a032b08f6066cc5fd6d8ff62acb79d81999a7563d4aba38bff173418f97d8f85f6ddef99bcf5df09131772d9fa8cc7305ddadd8c04a2a9dc5a1cb7fbba67ce92c7c735149229c99e241ffd520c5451d67217cc6b3fe89f22508062e088da18b332508f648af578a401b7c33234b63c5e27e3cb9d6378216f80dff7fa0c4daf1091b543f106d5470bf34227b21d51ed42320b138e2e7d8f49700a9a90bcfbee3ae6ef362c7c4fcd4b53781ca5e51d1e76cc5de7c6e4a9ffb8410f487749f12443d0fb39afdeb9e88243dd376ddb54ba5e55d37c4c21d206b83f4e0c3770947fd419d1a83bed3eac7a0509ff706374db555143835cc23838fd43345b991b263e698432ed0728ba6c21dabc95fb902ae960ed6fbbab40b6c65ee0a9fd64626352f9b629dfd44cd04848b52acdfdbef10d49d45297ceb61b71c4a9587d3e6af5ca09926547dc963d24651cb0e1c274448384318604bfb3e755b8274f97e13f03caaaca4493fa68e0468ff2c87f3aa273e727f98b7b14a4759df4b8c673c62808cddf190a61f4362717528532ec0334f6fb2ee92d83f0f6eb7890f9a67ed044d6c68e63114fd17757973a11c819a662a6c92168e649fda82772d4574d9df2738e756d1ce2eea5e27de91e5fbd464d94fb8ed1758bc6fc7b67291a1a9124a234bf9943a165aebcbd56d9df36cff1a45f5a2b3eda428d0cbf490d4d3319386e972e5688def9a891b084e3c972ea1aff715dedc41724de4b13c43b1ea3ef6131de25439692c016b4d1c58d776adcc2a1eb364e4f6c41eb9b36eae6cf092125ee4df0b9a97ece8154dbc05ce35e64b9c812f52b5577e843da8ddba1d6699f65b7249806c7dcf65564f742069d26499161a559d3dfb00ca8c8c8716d784ff9d0dd19ae77fc47a7d53140f29ab6362f6d9ce3a6c4c2f2ae2345ef14734e5486e3572f905cfe381732dc29ee6e510b831bd91b84d6b9b8a0f4a9b1d29729870161b065055bdf0a9d8f2b07ffaca8ab47f285909bd7f1193685c9f4763166406bdfb73c2292239d1f0b512eb04fd4ff0daf90553f36e9b8ad2d8c688c82fbf63a012917bae44519970c3f5d20d7d20bb61fe4a3eed12d38d5a216bc9e4cbeaf8d267a1f87b5767fcd294d2d406b3ce367a2c96b98a9955438c627709226747570bd9cf939f24d4f4788fd7cf85c2569afe67de24fd19a8b31719eb8e6a3f6e92ccefd9d0df2e88c1bb0b19213029c7a62535455206fa8d489e6fd14352e294c6e13b57f0ac7fd48b517c8df315fe0cddb5f1cca8445eda86b70dde39ac356bc51cffd7691a0db533a0d29b0136826678f30430120f17150229d49f54f129fe560686809e64f4f9d8b27643689c03effab0fe3489e79ea88eef6d213081d705d3cf460e3253c7c95fea2411eaa9179e1b289ed29a17fceb773463b1e1d51373ff441166d208bb7418574a26e790e57dd588bb98a07e480649b8eb37219b44c0d66ea0b22ee4eac9abb9fdbdc1231db2d7015066f0fac084f7473375711102c5cc775d4c1ee2883c25bd85e213a0a280a615ce1b3f5c3ccf4193607bd0ba20028405f8a0e60b46090bb5752c0fc08a51417b4f121a7e931410ce2104875b9022ffd6dc80c70e6d0d1123c87593c6a26d156b8686aa27fd967785e7e4ced5493b213a1b2906934f2a42ee660c129b44892a7c2b8e6f0560e46222c701057208e68d894a08d05492618f2cea3ca6e142d75c7e2a7fe0ae74f690eecdfe1591a6545cef8902fabd251082330fee05aed1a4da7b13efde34f63857cac02260954c5b69b3ac0ed6010fdf94773966a13519496f42921c28de6d3855c7dedcecfb9c224247067bce277891028a41edddd7072d252cdebea49f334251751cb4615f72f9253439fa60327e034246cf52da5c47f1351675c1a1d0711e79dfab437a99c8c256ff8b47d25cef2306fdef9235ec2dd8e6d8c26908c67df2016260974ca0edc4ddc508889aa6b8513bffdc9901044cf46d9ed7f1dbf30185e4f3b774ea02c0bbfb7e6ccac916bccc1112e884be1661c474fc3620995e0f81724d760337a98428e3aa284c382916e03e919c223d88a025570fce6c82fc4fabfc3a90a255caf3f928824607cf312b8f3c35422f8838f39aafa7113e985243f4d5c66240234b0b797caadf6bb5ba7143d4ac3c6b78926df7c17d627dd2f0e70c1c0b9072add3938ecf4cfd3d0a226621904e14644f3ad1e9dfd7d8c06f5f50d0032b75b96f78c9766a9dc96daeb7652e2cd37494ac464298ef4d74624616e827f311fd0319f3d46c6bae2a792c224a125c954a993878e127d3a424c2db9e4a7743a6e6b9f777ad2c06e923290b0dc98d30814f5593cca9f81fd521b87340f628bb2adc8d430f807b2f650f7554517d9afe2d5fd686f343340b3a85085521195e3ad0bb5d2529a756c3e25a4051b96a0172dd0a8b53c09bcac76ebdada0e992464ff365ddc93d7eb767748443596ffb4aa83a1433cd666bfca9f8ca84cda4823c34ea5f56d244bec985ee238dc85bbe9876caeb662966544ca05ab4737aca8e1bd44481d2c67220bacef05cbcd0c1cad6769146f0ed8b23f1333acd6398a5b3371af11be24e2380f8cbeda4a1fd1c03159c5a7e34b342310e0f96dfebbfeba997ad17a2506191fe3138c3df6ceaa6502467fb40209d7bc70dcccf853fcec2a76de37576bc5171f1485586037d8a88755085224d7dc0aa9a673bd3a5eb566696e0ca92392523780c033e910de11501ff444df83b75b13b5fbb7cdc0c648d256a20d52debc9fa2d55612db1527b58a4f9f4f77776cc804f79a286ae19a41f7856aa07945ba26f4bb830e6d18022643a75b0f8a074a66cc16571630f89c416846b30793bab543138c4dec24afd8841ee5eaab97ac9f3827581896987603547c12219ff1a0109adad4ee9579357c9cc2016e0459729f8b81b37248ca77632fe1f2cc7d5d7bf489c620035ade19897cd72a1150545b924f0c661a77d849b0481d4129770290888a8fea31dc394040dc0a9d2079a74a36a353ae774e1b7a0a9d633dddc7f78a792c3ea8d0d4e2d13dadf27ca5cea7a0f0cf797ba278183c259363cfac2d71390239ba6cd86fcf57a1bf2cbafe20ef1f51cf12e93f451aeb3f11be87b4f9dcb1a2de897ac9732bf961b36cd1c77b6d2d714c639fa74eaa40012b8de16a2824b65e1e934f5ee4589fbfc7dd99b0330dc669c0ffbc9e308a29da71302f38937776871e8af74f90420e18a177d4e9bdd0d51df0e87d9b467c681e3892a7caeef0bb1b0624e8b39f17e78ff613397e1215638c0789afc4facc60c57c59c8bd07f75d1e7f97eb918987c64492d82d97f583c30cf9220ca197ee3d77b6ae869191e8cf70d5ed2136464130bdcf584ad3ab0fa46c0f998fe4c9dacc4c760f7493517aa0cdd91e76f14a41e0050cf2e26fd10aff61ec02fbb9854ceb2544c512b8ea444dac35c0e2a4cced8bca5368539f94a597f714c78e4ea67ac21fd05ed009537feaf91cfbf6a2ba90df86f2748ea39a5160807caca3f52d96b94d35c9d686075af006c7bf87dbd88a649f333dddeff7d7029fffd93637c277366ff1d9f56063dc25525d10516fd861c0aa1a7c39118c734f18edd796737d4239956d25a3c2d7c092386df72c0f4e936b2d23b61c27f9ab6d4f195922c2cc907683815966ba916547bda59a0d496227a9aa33add5ebba3e4e22dab05c726b06a8629f88339b9160dc4f2ea8503c9ac88189e1a9f11b8efc77bed80767152c34976fb8d6cdbc112aa7924e15e50faa78d6815efc7d5618cd31b258d940a824b2c4c3aff376b37917fc1d08cb454b949380a66da5e25748b7fd71f107bfc34276527649d90a8babb65a68f2e797299f9f6eeb80dc1207fdacb4f55fd9f0c8dd7831eb238cf85193b8bce1783978c8d8fc485c5837aa6f999a985a6b87a5621a8a71f9b17d206ec69d93d6b9d9034833773b3f0c83346dde7e9af64ccbcb7f3f3a22ead8f71e05d348a72ec63663e8287ecf3a2a0f1059f692dad87199c0a9ff890d82da46a1c5a1cfb33d46c8a4b7b914515b282929b289901e3241426200452973e42158c9ae729244019624a49cf1806d00875ebaf0f19f7ef892b57cb2cb80738a1d15e2fee948cf7583594b4f8ef7f170ef56ddd746b8eb9759d4daf5e857cc0475563312978467a25e611b3d324dde156287e67100c7ff7e61c75af2f08c3f03b70e05341bb4a530c55f6ffac1b6afecea77695d893e14c010681a2598feb707d46793d8e96167edcb6fa96b08ad1d8ae4beef2536b7925797fb33bb2063ab6fb2aba150095959787e03509788a9fd55f4ca1fba17e897478334e1e4bb0efc1a0bf5dcf3a99dce3d45f3759f6d1f4b42bbfa4062ed11e11f44f2a395abbb28928c98b29efeead753c6f957c21debe184674c7338af17d2c44fb7e08d7b2b8a8e1e411c79e288328c396c220088cf181f70947333302b81cd8fa10f55a410f9c616209d12640ff4ff6d72219f7dd29aba9e1211862eae444af099ba8b5cfaff83182c6edf932c374aeecb07e3f4de92db11984615b206bccc7373f11f15fc81a7ca43ff344cfb0dfd5d01831b0b25787a22dcdbf8ccb4a44a4503d54e0336fe07226dae87b7576cb2febc72428c8c46ddfe59f24578cda19375654b4a8411b455ed29939962e5fb7e8138643e592dd850256fa97eb1aefd0618b5d7b0e5df374ba1d0c1f097854a7ca8fde80015002d0cff23037631af15c8ee89e9554045b67a92f835ef4d82416689a3f244cebaf5b09ddedea3dd5cb5f68b6896f5a67172dbf90cb306f3dea16ad4d42904f54d2b334039602203ae11333e9580730035f10e8d129a1f8f8b788f2b971c6232e13f4be8cbccaab5d89bce4f720b82e797cf4a9a531e3f77910ba46cb4ed9407cd7b9f7d0fac46eef561413a56b3beffad25095adeb20402bdad361e7d08ac6d630f4ccd3d02f17a8733bae5d2aaf8b2fe2d7a1935998cbd696ca5a5b73b9b5c0d4b07c4d9f470abc1b37a9d561aacd723c9df0f4b6c51bde59f053c8392cddc3e2bef4beee39aad55d9c240fcbe2b70d4db6ea73a2fa55267a0587ccd55090e1c67bcd6084a56623b63429952d09d15c18e4e2ce1f4b38103e617a19e63a3cf5e7f453e61dc2d520fe4ecd0ae3379d249016535dff0deace8d9fb01ceb9057a2ac841b7040f13ff7932462efd0edfda3c61d1f2ef984dbc2d883e81c9c7706be2c449571a4135e09ce8cb57ad1caf08f48217a33516c1c8e4d8983113eb318f57ee4e78d48566d94bf66707cdedeb721d8bc4e944dabd097c6edcd23e007c9b8a57e21a9095c11b28cf24319f80085d449250d1bf5aaf5456e0ad1e550df1523d8cdf8da824553bed89433efe59a10906fc49a160bc7d8b1f6a0419aef9b5f5398e7f42c99a25ad5ac14e6ad47b93f5498cc3b0c45e0c95da6416912cc1e1de8ab57a0e48b3de88337c2b07df9f45a5770a87e98e017c0a430765b419c879f4b2e7ecfc89f1e01b385eaddf9b5cac2ab32620001b885feaf86af5bf91a1b94298a56a76a1d0782689d29c96f92343fa9a5f110b640ac91237d7bcfb4fa21de6da202a7e5da67a01d7103ee71cd3780e2e80e46dcf4683a6e9e5de47e886b62662af9f1ef0750b21fb91934a9aa2efd464434bae085f0193331cdb1625e41931a6dbe6a8882899141a8d3ad8a4df36abd14fd94117e62aec571edf737313e33a812bb318f059cd9d813469ba05a9fd90efb8ba0a12f6194a72380ad347eef2bfcecad0252411bb7522e2f3247ed5bac65a991b656351b5fc507b772137482f79525dc5171d2f8369bcc4eab2f34671d63a2d33b30b4197b3f2531c8d877dcc83b5c3aa172a6fc11b2d75af3859f49d989bc162b12dfc8db417beeecfc184c7ff006caebae99b4263e86e0bbfdb5504bbdd6a38465585bf9af303a3d6e46bc019abf2fadced6764a5f6b44b332f3b41d7a1bf9ed3d73782a4691d3818d62811f48a7389dd508f8368e6a9c6e5a3adfaf3d4281a7724c2dbab578b30df480447d533878aa03b24f0d2d266567dfa1b74c4f84349eb8312d52b5dcc3d3e0c534c276dbc1b1f37d7f8bafd89514781e5908c9c59780580e09fc664ff4fa2f3c1c732029c34ceb93092d204143041a4e0f0dc19600c20ea513d6859aa168b312e7dcc18776898ba8c174cd570143038f47d03ed1fa6fbb9c295ac2b1d5a459533d2c18fdf2dda5e5e78b2345c9d9f9db4bd0997087fc021e3bc0eb5db772abae6121966128b40acad6d0d57d306d26cba8b1c7544954ab6a4643cd6f864c8e536d233fe363e2be0096b8909a8ec9e1ee9ec6f06936f71500f911bff343763194d704b3f2e962e287ae63f0c01ad7b28d43a30f425cf83875bb922ba4cd7065e6a5e6686948f10212f37a55c49afec82fafc6e756d7e32a08b94f29438372ecbf9ecb90da3633f0f91864e179e118a0dff1759a8948707d85dc4406bd96c4c16bdc3622378e315ec18d53bc2a354d910efaf9760c2fb2b0674c1c058155e023c36646a2c23508841d820637e7908ea0a3d55ac0fe3f304b12ff76890b1fff491f0766226e0115c88a109080d749950c5c12297a7b02d54862c1396c33ed05814b1bb06f77c28543e6b2be44d01155661eddd42595d63f89f15bb9481eae697e8ba4b1da1a612f3dd387c6fed8cefada5df84daac7503a1f0f429db6f74e9e34f7b7d5d1b19dde460fb85ab3bfa35ae0a144ae6b41e64259a6fa7c7772236e6ddda05b3b32f898c0b6f004c1936e9e6a7b2cd63f27d0459c0770df278c321f3ebf3673fe851ac2e782b9ddc5b36cff7420b2a6c7c01cb1b649d0559dc6a4300665b101a2d0017c81da25215228857131e93382f763e37ed973fda95a1a7c480440347deec2a8f92e0f47f7c8eeab4180f773f4cb1c9416114754f6f06ca4314adb42d33cc43a1a51cfea09b452a0a15e303ce09f1fd37bf8b8c1a5d24847e2fee68f29973bbbf13dc33dc973be64300099577be7191e908e7e1a2d7230aa552be69319b232eebfce8f398309ed41a60f7cffa2f0c4f8e50e1e34e114fc09ab34670f4557595ee57a730f5a33cf368df0345bb47380e9d5054cffcd62c0f3768966b91217d6f575640788465faa53f9592c21f2c9792d2afa15efc4d2ae8ff272d7072438d6dba856fd7057ae71c6abf8222514ccc7f5c59a46e70465fd8495066e7413d2449b480cb82968f5345e3d9c5ed097a3ebab7fbabafe614d1d881608b3623b116008e2de2e4d7d5742703acd8535351bc58c04b3ac10b1b7d3a0aea18366f6cde4b17492f0d7bb8a68513c2874d680578c750706fb4308e0e185264124999ba6c31849de7f6b5935424c0cc2810769be7fcab028e0e9812a2770a2d722a31cf09b684aca4e1bca0a99087d916a4c40f107658815673832d49c08bdb769ba68566fbbbbf1bd03ad63be2f29a1e471f92ad74736bf76d0f51fb32d2c237f034ca071d41ec13fc556d2a8e8a06fe4efc43e439da300212e515f0a0b37ae879bfe34714897b3c8c692911f11bffe313fc70974999548d31a438e2b5c3eeaf316a16e1161281ff796542354f61c6b211566e3600633a0da71be8f1ecea1ea2993f9691b331e11da5eb561375bc26960fcac81104817627919203ae52889e47828e2ddc35c7f3391551242898beedb7b1f1882a5f2ec31823c69ff6691e35fe09cfc7f480a01a16f6c735a6adb6377c4ae9eff5c0c6e83f1c2a840b01c20f870efbf78fc671c1a70a5571a0959594d3a28da4f25daa5ce51e5ac4f518e54aeec5a6f27893ed5b700b129bafea60bc3add82362dd201258ba9767a73d5a03a5c74548d802d386bc8544604d647496560de3cad831bf5cb1406fa275a28e823472e8382f0c3f7b68e48de6ebcfe58f6a8d24881e2c4a66c98fbac9f31369751655460a85f1253879f88eeeadca3f2a283c3f07613444e8cd617c3f9f975856e9ed1f0be138769d3d18a85d472a94b11ba849fd3cc667fb249e7f0769de4e5c19785c23db4d294d57d7c6589d61aef15cc7695f2871bb1992c4bfc42da26f4746d9b1e77dc3bf71407176e4c0ad3f7be3618b1fdee2587c97dfb7a8de1c5821a29a743f871381dfcae4050012739804f7b06981cd6e4f1ad39c82436ea26afe4a235680d1b0626e1ef33d3950d46ab3c3ff83f579d665da364e8d57698aeaff68d90e23bd6047b54038d99c67205ef3fade0abc80657de7dba83d1950275e5ee87ca8a7ccc86b7a99d11723218b3498924eb9fcb95649b4e4e01ac58adb06e378592335be5d70f91232fff8d85d3fadd1b81f57cd57c687a7dd251856dde8f1c04f35b6af7f19e3bce442f42e9abd407a04c2f616ebaa82ee06b1006ff637e4f98eeeffaf68d884bd24def5f3969afb3c7f5f411d1168fc7e5dd9a96652fc8d66c5dbd1bf7ccbd2a53dc6474b1fa8d2b71abce3826f3568877324953f13907f08434a42dddfbb2ae9852ff8f3937c73f2c81932dd6ceed9d52cd61180bcb046312562c2162e9ec1218cab0af00abc78b06e3cb05db6e6440bb174c4db971d8641207dde747624bdf0fd7ca21e79fcd9fcfaa332c8bf1f2938c551912b210c4d1b43cd867c0e94567726e957743748befec41fa7a11ffa5b7a5e3006a9e60684bc010a98e24e0ddac0c9ddeacbf6859af945d81a5edc472530fd197fd16f9ad4541b5cb78e0f0f5a61957af04fe6b61082bbabc3e6de9c01c928e252454910778009500bac857aa5e40b840e52473a393541a642951e1b0c1f752370ab79d69528b6b327724ef0c50ddde4cc142adfa8aade292801ae81f77e80c03aaac10ccb18ba6e65fb348226295b8dc87b07717c42c23e9f7b13efa053b35b3dd0d05720f2281be1c97413829529883f5e374a87f88e7d62355e2bb1927db54a8e580cf20cdf64676999e34a98284134ed01a85bddfc04674a910d3acb17a51819d27a2b702d012833b2aa1804a1fb303450702ca8f151c9de83d78aeac2f35b2e77b803d2c9decb9796a5e1f2170271fa2eeeb91f5b6a3d243bdd2324647e8c4a82394f0a8b5c8ba6f28b2fa8432b41a5905eea40c72afdeb214aed0d92609f0ea352e36d60e68232e23147a816dbec7e29e315f5bb19107a95e28e1c114b94bc9a91f0ee3fa55b11745e25fc6c1098e970d714d125176464f4f41dc73316f874401ee855a46c8edf41c46620ead321d099a6ade48b4cb4c87d1ab2dba424cfbb86d985ca499f2069de7a17d4f9331ef6ac6886267134924fdae917e79c589ff0a6638e2e0a51ea2ac7b6e8a255ff422f40059365e6bcf0812f4a1911a01980fd82045c5c588e451780948555ea41caaa96c4a77179c69b0617bd12a992f55c8d9f4b7b44b74238c6ed80308892daadbc8c267404d4c2e3c2b8ad4c9d1968d173033a51fe987b33e3c42a28d81bf4cd4d0691e8911f7cad7711b7aba7fd5cfc2913e095413f2b697a9e4255fc2a83cb9eb19abb8398a6bef43782a87858c2397a64385cfe680aab8a126e27d2e494854fca7425b2b7b5699c14e4593ca8260c9c681d60bb23f5e724adbbcaf021f48805fcc89abe94b92669511c80e4c65974940f68a1f399b087caaed622875fb112b5e55429ea41bb6255c6011ef30991d81ef54686947c6140667f887ac882b08f3e708fa81ce27dbdfa2cb8b1f54ff3ab1088c835861622d30daf2b16d14343cf4fe3eeb5af0193038d17b407ca3ed019cd0a2ccfe536b9fe2f04e357a6c579d3658707c5390ef20614922762e0f3825d5deadf97563d01a2478fd87074fe786ee71b9ea2b7f8b6289ea66f2e666b546ff9a3aeca41f0ae7262ef4e762265f446c191a1fdc1c24a083bf7ab9ea613ab6008ed575cc08cde1f5ca186423a79ca0d0d4a039ed1e2c878622a09376e16f5fa1f6f8905e57ff7de40a3a0cd247b683d90e311e3516fcca552c4d2981c3b3f05013a3230553c07add72334cb7cb364dfbb5aa71ca4d774fd08848f7e294c679279227f2bd3d9e1aca8f39fa1c80fb5b745838dfb412ebed676a3e807374199159e6d6e4dc5c48ad2edec4fa7b516b173f189355192611ebaeb6f4cb279bfffc37bad22d700f920971a20c3e60e321a4bdfdb1dd628293ce1f1c493d8648ab3956584268b0d60c39514aafe51e8f61e72ec23fbff8d724eec9eda9ff6c567ef4dbf5986b7f12555aef4d5486ff94d09a26622114c56f3b73f241d001ddb46859e793e1d997890eb812ed7467b7ce0fab519d43961bace62b8df214199ae4033a9f3ceecbf2f1c4446416c0b57eaa0da8dd4c7a4c8f2049ad82295548346314fb7c295de632a62049b059d91c8b6e5e7c4cb9a98c9b4be3adde14db53f0170ff31130456f9e00dcf67f6c5017692b4f064f51812b3f74cc4d93bcc437daca2757420499f3523644bca3c1c3c2e2fc303c5ec6847c7976627010d5956bfbabb59585b3668fca3b60b2c84100ba2a78d3f158144520a0c21db780e1237b615e3378f8984745c12217ac84940f8d3f46ea47752b974ba04e028f469bfe274750fe13efcd018e72ef9245619782bb988b6e2b129a0ad0bc5c634f4579d9d73b63714b089021f0459a6744c793181782a56c54d290feb4a066f1aeb0f29c14256482d610b3468702390d0063b03a1da02ef7187ef776d76bd4458f846426fc68ae4cd96d3abecfe35c59e9234da4d4533880a8a077fc870c5ba61ee4f0fdf15c2e3d01001fab89c296aedc836145a782e8fac83ba4a79252fd4119b423843dff923f2aaa02e391aa93c81c9c6bc191c1210adfc65e07e9db51eddb907f76bd2d895aed6812e0c9f717283a121e2a440e0a12eff8cbd86e9c422c784c7d83aba1a53bfe2f6b4598e3d6be917e921ceb18a2561b77ce1dec393e4acac08e2e585c39c3ad9c3713891df480f7739b071d076d8ac979abbf02b9922d247d387edff136b957bb8a831f0a08d0ce1e02d3db7dca58b5ad74517fa4158482cb52d6c12e12b347620138b30d0dd112151a979e34db15fffcfba44b59f2c431aa89bbd8bec2c87202a1f10c76653433902f9c20244f6e74fa1733c25576a849e52248c69a2c059bf2033a2b7ac34091a757c44b123782bdf575f18dd36cea1375a34da4b9a7978133946266385c2b7792c16bc1074389175f6c3e27cc3423eb28e76ac58a55f28aa03473f445b72a6334d114295d2101627203fd0c92a114753bb3a97025dcd072f4ac41d07a6204b7efaa3a503332fe92bf024ee364b1df9dc1030b5d3b665a0ebe15dcdbe0f807a5694ce9009cfd8d127394f81ee5187fe05ebfdecb9e959c6799597a5cb5b2c765aea8e7e95884a9b03b4a0fc5e36391f70b7ec4a56cc8b82bb371b358bc7fcdac8f43fb100f9d6e3a764386e54704e5268045c7cf53e0b79157f1ac37b594d2f08bbb81149e96747cb2a8299e854ad7f93c7f00656fab8f3f13dbe4ce083ab6a5c1a74d93a0055b9880489252826d6f1cb07b8e59d909619b906becb3a4f1bf4364a2331541e2d075ab23336d7be7caf56f38b4213a869bc55208f75955ef42f61a9e621ead6cf1fa230207d47890d091fc0481feda40635f3d7c0cff27e6d537df8beb4c6006140c01b4a67c1ce1a6263e3434d9a65a370ef6b8b1d9a885aa785acd75455d2cfe12f419daf2b927a0938fc5ac180470be7817577a9a2ff2e1ca7dd512cf5afa0d7c396e560271ca79f2eabd9ced709d2500fdf30676d3b65111d48eb8642f422b056fd3c497d2a2856432b44e95b7c2ca93d60a1e81af5b303df9b85d592eff853215c29f701aac4a7ce450a5bb6364c54d6432e2e59be5c987720444b45ccd99a319777e85c52b755b48285be20f7e47c50dba40c192dfb24d41147b85cab1e6cec9bdfed21652fedcbd7f89c5ba0852f0a86283efde7e43895cf6a2e45ae27f38e9556221560167d6f7ea4d33fc2430bf4adea2fb59a86646df9a9d7f4c667167007e14c045e98c6539c9d891f92ad251aace6d7059497af2ead403828046179eaa74fd69879993cb5b29f8c8016cc2bcc1b52008223113e195275704b1d235d359e33253c5eae1fa69da8d4174e35e2eb38af12e0191e649ef97790c0ee95ff94072283c691a8457f1f1375a34c148c3284e5f6268253afaf4f7948722ce7fd12098424815a13a27d64935906125e44feda93d4f0ef048ea4f4a8e5404c7420da17b4c8e7e3325c94b34a72dc2129af12f486342e2b0b665fd53cbf6737324881994ca7ca74cb4b51322a7bdf02d31d41aaa693909da1a3131454362485865293c251f289bc0db4159f1e1455776fcddd59793266666a13e0097304a37e51b9ce94d9615ee1d6831fd332735f945a1a229be1a1f717b306d681eafd7dfde94c7874491d7a4cb3e871e07c89a8dd91e35fe9c51e8ff1deaed3ff9864a9b0993d21c3a3c95aef6fd6962835f1ce66a0692a0f8a18e96ee93b361b1094a5515fea8b3769d4f80a74c63549a884476f4b50eb8592d3d3d8131c68528bc37abaf40e8f5db437b685c522fad379a33f551f2ee54b7b0c87aed6183a3c2e97f8821f9076f2422f16864e42992c435c562d8c540c751c609865171ba52fa2697c092dc080a6329f6c187e192f8949ad3aa666af8f2e69c94d37c48dc2e1647a2eefa9576c39bc76829975129b6e1530732406a0585d0704609cd0597bcd157f65d84c8ab7b57e0f039046f69fa45db8d6b63736fdb8b8c66677fad3dee85bb76bca157ac72dac4aaecdcda3ff667b529455f4a1fd04109e3d78e9936e235a5498877e32de1481e2be303b3f944f27de5ba48926deb305a1468ae361eea375000dac3b06502660b405b8b0a2b386bc5a2c6a0b87c99ff2192a7454158dfd2c1df226e4ca5a251c8c7ac2156a5a517be04326a21c35524830785968406a613a2c6c690921b3c9ebf34ccb99bca0067b9859b98ca01b34e3016768c4b7200a4ee15b6bac93030c080d12f9fa633e0a839bc361245deeb17f2671b0e68fa3746438346bc313de65e5f393215de18b1e676076546bd285e8ed0db534061fe1cb06ed2df0a1f2d38255df30c0a827465581a2f405df934f59d461e6102d5cc9fba4d2c4a6e5db25438d55f1d710c92db32fccc171b0de1af5abf14857c1c96962970d8ca9d17f329094ab6a3b0d63c453544e20da68c643f84a1e82d07212bc00acf5f922318066d2cfa557c4c613d212b8f2bae2539bc743bdc605956852898596d6b9f5f7197bbb8806ed711663b381e9a19f4ee2917a4c947070704a1959916bfbb1fb6a82e824dd963b8349f49100b42f4e55fef58c706b8ff80f0ac161f675336dad6090585121bb24dc625d320e2b3e915b229d734b6e9d4dd46071bc157e072abb7c9f9620b6f4caa2998e7f588a6b2c1d8084fc3b113a3d7f34093586bf115692098843c5e48e0b25d772db28726d193a0b74018a1d3844d7caaeb334e487df9e61218652ea54a6bedad1b987ecfbfe3126237b5eb8a90b21affefe0a1245cb42112ac32ade95be101d1bda11f63e00117c2cad515404147f9d4a6771b92279b5445ed22ffb5b3f0751e309e1069c9e8b14b986d61e07e1c1c4edf917e4091d87c7d45bccb63174ee61f0b24cf20609364336508e33a1dd820b9e95825bd7e8c7b670f355de310d763b8ee4fecd60f2880eb90cc7f60f9c45e2e3b3f9c7533156b34a44ec259da789ac89b8940ce634f599abbd4df8627bcf6a3be04af7ff63678948c7fce678d58e04d15ae14bb206ea67ac289b3b330733312b8047bfd79a8b15810801599c82d23c1078bdb9d0805a8c6ac1455303fc60db9e82e70d1364e0d3d46ccbeff111630cd6732651a160e6ac9038a36cc7af0c91e352ebdb5d459e20cddaa1d3574baeeee9526d1c4c8b1f8e3e0e1665c3a23bdeb98902d218906d548b1ca9b30d190083c155544471404a9f3aa0646ac0a2880c9cb5979690ade81023dc544a71f3e6fed7a3b4547531df507d192647ab31f1d3671bf80cb2039509b2a570c121d1a1de10cf7075086ec9a82940bada0a21df8d1eaefca484139d6f317232022aa4c35229d407d0020c5f71ee5079c1497fe9ad3facdd0cf801f5eaa04e47371758ce3875ebcdfaf8065031502804a1e4b6953b17caacb200cd27815fd3396c89032906a4ad70668155c6dbedf881a3713da4f2c0d71ae521c03651eed93efe843454979f60c6b86f779f1445a50c2f344e6117f89370f6af6c67b65deef187f6431c770ca99070e7baf4fa468cb697fd81b8d41bd1376fc2a0b86cc085c2ccea91b85667812c29b10e7357cb2c006457b6cc8eca858dd1dd9b91220f40c270ed881dedb6a822f58d6c4e38d53ab55f9b1d256a5607d0bf0498db8b00600e6e620fe0c4e76b61e3028cfa7ba9348e799f400796fb639853fa680f49f540642697dee5fa8fd8797198c8d61337e69acbd15973f6e415d0511d74b37d6f6ab7bc42ef09268ecf6fedf0cfecc553120a446f5bf6ceef1397513c0daf1ced6599a7217644f8e06f173191df4da7870e5ca95b510f9168645a0eb1c743dd9e52adce6c48459b5f263157bd02c1303f5e29e9a6d6b9c8bfef6b9b92fa08db0a1dcbdb0aceffa7ad27c15f025acb8b46fa3381cf0c782823c951afee0d5553d1abf44c2a13ab6a8fbcdd77adb8c665bdec9d12fef8b66cdd29fb9255f3fd4155d118a8f8dacc2d5a88c0e7cbbf71afac29a3b82256afaa6835f7105ffb789c5b398416bce0392c201ec8c79c5186967df38a9c841de526ddcbb3c69ee421c249086287e14c1870a7a083339bb6d6a3b3379218216b8f586758e81f3522e801ec35be0c50e6c4edb5c5fb57a3dba9c7caec56117ef631d273879cb2aad04a4f7fd2d95f3901aad194a9db8b8c35e5f0abd43dd92b519966500db4179ea948447a368b34a63df7886fb682ebf2925bb3abc4d3231a459e31435a7746241906cdf5e98d0ae550855c66788ac2d6cdb72f21ff36b3fae99a95fabb55e92734ab425504bef2301eb4b98b2db9e9b551f9312a0f8bc26ea2831a6ee1705a0f9d992bf01d8db937ede2b0e768f45545eb6b6faf1ec55f75fd12e25b23fc8bc8eb0587138dc20c873147ef55f1aa3d1d9b0f71a3038ce1a4bd3a5b18307a4bd562943570f4b1cde20ad925a75e5497148fd1de3bf85355d85f22d1d9258dad42d3ede86b17f6cd953e4e5d97ceb6ba3ebfacda699392bf647115718eb9df67a10254fb7aa8c32f434c8c1b665c45c42487f2962f3a57ed3706ea2fddd804e82c0f0f9ffbacbe24b0351ebf58ca1755d607ebebdbaaafc0c3f87f2bb823ea4eb02ec6c402920b4f5faf8bf59428196aa2933d91300e8e14de02dbb9fa911c283a33f878b9a6b687f08a9bed80cd5095416be655e3b317c5dfbfbbd66176b85e5fec6cf9a426c9f69f4c70d6761b592b830d993c8ffa8d3c90d1b1ce0289aef29fa4b66d35be083c6a6093cd3d44f32c7ed9a6bebece95b5fe0571bdd5b9c22fd3e7a7ee6025569344e32d5475f52363e4a125ab3a350b474ffe8e844b8d31f6f71048b48e01b09a7cafc8b0377b9f7d17491c3801052d09539c773760faa7f657960e3bd297ed91a1963fdb6364ddfbf40a0ce1a4a291583ca9bd51de8c5f3a81630a79d3925bb2e68b89f393d400d3baeae7a5b4a82d19c6ee4c6a815c38621e3f39acbe1197d6f79a7a6d4204ff6ea1fbe1bd833ff87ddec09d4e810c15b6fd8a6bb57b57154511c12b48651faaae5ff4b60d604d89395b41d250673937ca7ef93f52bcecb94eace58304898097c71680a22a8f07e6505a59129137b1b61015ecb0abc2b7e67a5f59f452f78ce0c70989883868d9612042027e5c62a52a8df0ed1eab55cbdc67749e31c43a8e6faf88aaf7b11492ec5bbbb28d46d661a10749f3ef1c2bda24b7126472878d0957b909b2f757efc274c2d52d5e778ae97e80e7d66d8f25b1f1bd4254f243cff8ae430b6429a8edbf7025c3c124e77cb6a7dae73fecf74257fe52b55a1715d39eb7e25d3248447034869dd28bbf9cce36bfe2e77d0c92b1a2daa311c83b4702cec251bddb968dcfe487aeec5385a08a4f0571d73672b584c22167b6024b27a019305ce2730288774ead081b26b0d69bfe7a640e9ea3ecba7d0bf21539c781de79ec863b80a9d5752799fc3f4584d889448ebbf7513273ff0606d9cddd5475f49cc7127a7bcf95b79579f7a7be6e9a46b9e2832174e30887c99825d8f31ce381da5c286152550a96918eecd11e6b9e20adac14f6eb91f975174e7d6382c96972b4b08fa8f257dac01dce3eb8b098e1ed302eb3245259c4e7c7de0ad610792e2feab4ad3f80711ee6b59579f324e49630e249082bf417c14f9cd593cab09108cf15b95c2ae38f1ef4b9f9c7855d3157ce59d052443f3536385510ec8baabb0bf97be9ecdfce1317daa0e3b394295f3b3def274074fde65e34c6a624064c9b4624ac7436c5c022b8b737440d23d18dbe1e4e6798c5977fdabbbfa2fca0d09782efcd07ee55f7327e0157210540c71dea09d065e55e969932e070aa63199ceed3cbf27a92d9e2a6ed02095ab7a10bf4f78ff2ebecf0ff02856258990dda25f2b7f19b575ba03d8e0597e51fa695ec4145d9de47506796e27a67962f97705b0074f401782b5153a18301b1d9b9bd8d931c9ab115c90caff7a774860650646b6d3f4e7413808b9fa0be40424e9f11e83ef1997165ad00698bf3af5521008f9351cb8d57f26c8566b498de2ecede883e1c592e1e4f423241a0d9602c8ba3af70f9cd1457005dcf14bc7d3819b8453b95cbab8c1e6c2d401bbd519f67a67b3264e2eb0cbd1e35b05cb34a344111aaaa18941db73d633a4e340939943868b9614ee6946d89c81ef711268325cee7d266ea34e849bfdff07c4b08d390887dd0fe9482565f3c48c3b6c2a52819d00d611560c503583af4a9f05b96cd0a2a28bb7d94ed177e4e930092d314d0be058fea263803c243a1133d450d0dc1e8c995b35b1f1ec72211752f7c4560bd045fe7cdac3fc91c5cc6380a3352dcf4ecd4c06756907ed9c8a5f0f2cd0b8eb704bc7e040ae9417e3b771f94c34b26fd859c0c5031083a2b1f51823bee4ee640618a36f16a0cf82f939e8f66d3c5e5ae2dc4abf42cb5ad6ec93dea3f5d56886e843cb5b02a396615d47e23f6e4c895570c5def1390d9a2e76eec29c4e80a95635027f757ef5c89bff309f39d2a463810845ed3a42cca1529c17167912c7592754d4027782fe067a9d2014b4e525527789feac7cb2c2083387c211df5e701a68e4ce2fde759006f5f043563f6e1a49ea413558ca36c57a6fc396dcbb4046a25e6b653e2d1afa8d682500d5e10187cab91348e4fff3293f774cfc9fef9ab8d63410f7724686b778b52a5448818eb69088eb093c17c48b29e8c6da35e839c9da2426dc96a43ce7c8539427e2894bce884ca45368c1892e5544586043ad604a484282d5ea4a7ea51df9ab6d8b20704ede54e63fd2c591a21cf1390231c47b47adb66635211a932dd84ac631d23bab03e614ab351abfd16e85793cf71eafbe263012c89de9e3ff82a79060210f503d7abc23b8cef5e9cc7a08f84e308128e2fda1618b182184751b83323915f0d97251142eacc2abc485c6a270a7965505694c9a8f42286b41197945577d0af2b7fd79db5585193c441ace25c57d2cb6ac64bedc17b6e4e77de53a280627659b594aa7315ce8495e8c3348c6673946a41956574607198d44b5f06cc08ee2746cffed116d01ab34da54867e0293ea5305e4d633c5e1e9ab6fc785ac83a6bfd9e63be0e6611fdfc1f2f59e6c4e3f18b6f6af7344ecf9a763b0614a3363b7fea5e381569c657d594b84b018d73e4961eeafc9b60a123a6daa8aed656548240572ad1f15944c1e71567109a3d23e0ea053e49798e54c6c643c2456d4b71febe515410f59522e9268e0d862e7216ac85df3051b71cb35fea069ccba79b20493ae232fd3717ee84d7854e5e5b68d13a7b729d1227c6ae99659b7193d7c81b81e94e7ad105e5e284dc37f4b6cf52b048fc45337d39fe81a0dd456fcc2b46b3202bdf524d8281b4a76ad9295aa8046db2da488122b2b38fc4a26d174cb6c3f57d704911e0297f3a57f7cbb46842bbe09da2383b25ea4cec450243ab9a027a64d0e6dfa96393dc9bbea444ccd89a1dfc5f90610070963e62b36fe35836f49201195f5c45b5f0204672521c8467c23d635aabcf2932bb992e88a618bb4bbee82e77965e16e9db17d160a0c60246a62d556d041b727ece2b7a0ef72f37ac10355f76ff1ea8783493fa106ffff96b44ff5c7f2b6c9a57da98ff5506c4c7a65ac0604dd9094b637c0a925f9b953f839854ff9d953944e37bad5ea1afb570bebb07f0b68a4d338cea0e768fc08580564a957ebccf29f6fe5470e92adb9d323500d31625d5f60f0db11723f2b9d8fa1edf32358e6058892620666eb1291ec298cbfb0c1ae4b870f8438b3b80d95d11796c6391674a44df6177e00cdda94b287e426d9f79f537a03168e88c6f8910c40037fba2d03fceaea1ffe57f9ec52dd40c3996b31fb7fea95a43698fb442dd355de68c184877d06b247858dc0726025b52922453a28c0c66181e2d8206378d816361bc10ef1d279b134db11e028668c837d9f1889c3dc1de5e7836790bf95acbcefdc14351c193ddc803db9c38da8cc2fab484b688578090e318f4698719648263e5805f9336d04edb965a2bcc27fe208bef264323e5d0d01aa962f398f63f74dae8a313653cd4c124272632fd3deb820a95a70a8c774629b9c227b2ee57fe73575cfd62c3ebdae26a1c7756e07d2ae8db6bc64a2bc54a9e4035d8c0fc4a8a8b3f99d91f365049ea19d19124f792b67899d3540618bf31a6d2ebd6c9e6d1647f8889a9c9f3d25c77a02ad3e2c2ef05d332c85ec1d99252615476f47bac93351bd07c5072918e89bfd783ed319e010ec7f4bd6afecf9339a64ba5ae17582ce114622ada936494152c6852ed40d8d405dbc4d5a4c9fab4241e88ca7cdbdd7e3920b7bbef556033a773ee37573de0b032e6ef33d7512db4d89b8f2a287e2208c1b3df45b5c62598cac44454cdf35d51a1772a803de39360d0aa39d44a029ebd26d5dbe34372047f4127485a6ca3504692f844525c609d331234f4c064ae3b18bcd2343a637179343db79ca9e99651b4c2fca30add7addb7ad50bdb3e34c73a969b8082aea5c033021ef5c4423829ee1deb8d1070ca39829abf71d3bab4a9672322c05ab6fb1a6a573028d1e747df880ea792056977964e55e7a3feaf32e6079437667831d1383f76d71e57f1d9bbb693a4afa33846c7415fded65a59c512a8c620ccd5590a438dac63098537f4b5e99205c8cabf8e4fddd24ddee002da57aecd22b281c67235ef3d47eb0aa7c26b544b6810b9fd2c7258dfef3b2a7bf4613068b3c892a304933b4742fcbc2610cc74cf233f96a3747ddd1733665a0d6b801da9e54c7daf7d7c0b65c810f793a855b255ef195c00372630adbe0b2df65413f292b552fe8f0a6ac5d79b3e0c96afd7b9afc46e0981f36440b2f956dcf46682aa29bdb4786db8b1dd41df3c5ca7927fab77083f6708fcb5d6414855df5353d48aa0a6cc0bac4332b0dac4740447320774f839e32eae8cad9c0b6f69be0b26cb53413a0cce924bb9043a3d313c18921bfe26481d70472134942e31bd1a019dd8e84db9fcbcabec097b53ef2eba216ced72553ce23b64b3e90dfa28902c25d0456b94d620a20479bbebebdcfe6aa8c9ad68115eb3cb34d18a14a20ef1c5ed1beb800abab9780dbb72f3b87163aba22ad2e1a7c4da7613a320c996f95ce59d8b9db31dddbeaa36193c5c15593878a785e022f01905cc7b360b9e7592b13e090fcb6e694f7ca2be3e8c19dba99184e2b7022adf0e9001bf8b1d7c6470fe5bf7b11a62bbac088c8a275e0cc27301c1e2db8af19512e18735abc64692908fba9c1a32dce698385b4d0db4a123d800d985b6bdf374283d3fc5bbc307cfd5cac4040cdeb8039505b8bf68a6f6aebbf14f7e624ea4fd95fee06c8b08aebfe9a82c335c7a2e8c6b5ac2359c5285f0db3f3152e5135f8e35351187eaf3742e9ce55856ca0d182733a8f986969fad10f927d94c9fdc55da4039f6fce0bdb1a5e1578d68d68773d1d754a91827c89bc53c550a67cbaa0c93dc59c2d309222b4b95dd1c0d046c3138173f2b85fa5ebb11103a5b900fd5f5c2467cde44c0aab8fb42aa7656733e127d78d7ab18c93297a2afeba727c097a35955b55c22e4a53ce3dfcad93840264e80a8b868a7c5d093bdbff29bbcd8d88ce896d18fed24170d4c45208802a7c7e00c51782d0989d61e51c0c56c82d05b91baae61e8f42014406d3921dfa50cc25352c804660ae32448031243ce1bf6614555d7128b4005e6a8b1942cb586470c88493007b049fd7a5f34215e7d89e254aef2aea7512215d1d2dd8094090b537f4b3efcbfdad7ecc21fd716d8edd20beb1bb59bed5cfd93daac47c6064cc85f7c3ddab20ede9bd64c0cfa52f9f9cf881d0c4c3c669c4b3bbe2ebe69019b052332eab6df1312292334d202e1f9585591465e6e38ba0d3cb5e49140ec72704223d83047d742974708e7a0ebc0b90224fd0c9996f48ea2d168db3b8685219ca6afe86a29d5b1ecf49a44ca8480e1b92686c92b6c1de73f9776b790cbc423b9f31b167658411f85996083b08a2b811adeb2f4122f5f27f2d2bfdfd2f91532b4179e526d5744c86554ad8a528e897c4c13dcb58866c3a36e3c1b5b91ad198b92e3c10bcee517ad5fb11d400daa756557891e4919ad062a79d80bd83b1862374991798aa1bfa00423bdd9d82a707812c56baefebc9913a2a87a6feda9a966c35a0f5709af515720048c2c6d18d9ba9ed385869f98165772d0d35b44e00419463bacb507d8a8a1f532e25ec207e4e9fca5979fd24597290c46929113418738e623ac19cefeb9225e3ac663a3af108456bdbbc517b7fba38f8d4fb2d7c950c92d5f21714c5b64356e844fe2973d35c0521a3c0b83c9f598462b37e405286d3cf54f1fa2b8d4c60f59c6d650217a386281689946d443f002271d08c6ac48ffb471179fdd4d2739a2b804fd60621fbf82c5f160a532a14472d0cf35dc7ca55afdc83588cb1070aa4bfce39e228ab4ba0b27586b815bcea29f00033fb838fd3360eed52224232fec99ac408e8108f5cede186209bab717bf045987d5d111b5da154a1d153aac1634835fa93e87d6d5b7b264a6dd21b1e0777f2f11d46b779e9914749bced847e54d5df52529c1126dec5c6acb43a4c8326c651a80b253a5fb84d81f5d23071e7cf2a49ca281224d43cbae964a2d3dc6015443ae88a2896d7e7675a3e7555ed71be6e94951ed22c7cb633327fa971b3b9dd8bcc57bfadff29425d194fc229963b945705d66536547658f68bbaa6436a508c60da7f0ddfe4400f41ffa6eab5f2b661c4c33213b01feced4874b42dfa4aa0640aa6fcd62a43700e50701a4054d47070c32b728f549bbefd91fc396d2f127447fc4c67425398f278c917f55518237abd162c53cd76d65dec73d8e7d6c26fcd7c50fc716109227ceed2864a94f98e4f5929a85ca250b800ff861ef228e2fabc0de2c3ecdcfebe2b19f2f1f13159096c10a196bc0e66d3c1f20dd6f1c6c1f28b1420606875abdd3ca039fc869c055272964048b8641c7b65b9acbb58e6977979b002595714ed01e2f144edf7e1c403253a913c01da03e44884d743e24b2ae947613b4c8bc0857f14119abfc9e9b30b93ff3fd21825804c09ba976373c8ee379b7afae9561fe7573c5f94e21f22d09eb4448fc8dfc1b4a91da9d60c77915b6576b1bedcaa753183e654a8faf6d3c32b9d2a9de090018c3f36bffad5952e985b3c78590174ffa3903147c9a8cb86bdd69a3cf58967e759d8574a5da9303d37101b9925fc44c9f48b207879651a51097b18cab6a0ea7e0fe50ff035c6f38cde29e182a30efdbb979a7457320ffe1806cb79d3762168868ddeee157b2fe435bd05eb637cc6addb2360f56099db68e7cf44dd5491b89d2598584b11ec3439ba2d2fa8848659d6f07ae1f46d5ff9a45dfe86dc4aa6f4a5f1864252c958fa3b9cdae973f23374505741eb80322ed34d474a06bde46d25b7e3ec65c0b804c65515d02164bf001160ef8f13e13e7c1604ca2d3e0d0516cdab602a7be452ffc9032fc1ecc759e1dff4304563e766db35189f0def1270b3460e0c42c6fe70b7fbf80824d54c80227e6776ea46f62615d0123c232e47bc507d77d0de521de076207233e033b9d7dd0cea3c6c3ca89104df80f2cbb2df97a162d5b5ec86051a2d62af313da7243882bd49c5ca07c6996e6e29da2ef4439b717017482a88c6aa831bfdffde4dca382fa06d936237ce47870b036e7ad95ac6cf82543ec4a95350a1cb8973241bf64e4b88d4ee125d3581a355e303e1e2de2138039ad80e5bf19ba68343aa103ed4ef3fa12e87499333996b6e536cc1f19b1073af90027d40796918de7814dfe4c14120fe71e1cf5d12505473b50977ba250495823a52a882efb29b7825318c66baa306e5ed02fca9f29fef0686a0db52540dcd62e454e5c9b5539726d54e0e27dd36cdb79ab0402ff3a22716f75c4e2291b63b57eed280b136d5c17dea18908c39fffd335fd5482ceb41e8c94386ab27f9c3e0617ceb684223088b053191ee000981fd03af4238e647e5e54ac7a630af982c32ae66060004a80adb319df06102c1b6dd283527f006e057bcf72454896fd3b3afa3f734662e5d2632c1ced70a9165951558f721dda00000022dbb9c1204a4008585ea8c34591fda807b0867809a95942b876c1709506bdd142be988aa0414dacdcdd4dd26b469fb1c9c71ccb000000, '2025-06-03 15:01:22', '2025-06-03 15:02:02');

--
-- Indexes for dumped tables
--

--
-- Indexes for table `admin`
--
ALTER TABLE `admin`
  ADD PRIMARY KEY (`id_admin`),
  ADD UNIQUE KEY `username` (`username`);

--
-- Indexes for table `bookings`
--
ALTER TABLE `bookings`
  ADD PRIMARY KEY (`id_booking`),
  ADD KEY `booked_movie_id` (`id_movie`);

--
-- Indexes for table `customer`
--
ALTER TABLE `customer`
  ADD PRIMARY KEY (`id_customer`),
  ADD UNIQUE KEY `username` (`username`),
  ADD UNIQUE KEY `email` (`email`);

--
-- Indexes for table `movies`
--
ALTER TABLE `movies`
  ADD PRIMARY KEY (`id_movie`);

--
-- AUTO_INCREMENT for dumped tables
--

--
-- AUTO_INCREMENT for table `admin`
--
ALTER TABLE `admin`
  MODIFY `id_admin` int(11) NOT NULL AUTO_INCREMENT, AUTO_INCREMENT=11;

--
-- AUTO_INCREMENT for table `bookings`
--
ALTER TABLE `bookings`
  MODIFY `id_booking` int(11) NOT NULL AUTO_INCREMENT, AUTO_INCREMENT=22;

--
-- AUTO_INCREMENT for table `customer`
--
ALTER TABLE `customer`
  MODIFY `id_customer` int(11) NOT NULL AUTO_INCREMENT, AUTO_INCREMENT=13;

--
-- AUTO_INCREMENT for table `movies`
--
ALTER TABLE `movies`
  MODIFY `id_movie` int(11) NOT NULL AUTO_INCREMENT, AUTO_INCREMENT=6;
COMMIT;

/*!40101 SET CHARACTER_SET_CLIENT=@OLD_CHARACTER_SET_CLIENT */;
/*!40101 SET CHARACTER_SET_RESULTS=@OLD_CHARACTER_SET_RESULTS */;
/*!40101 SET COLLATION_CONNECTION=@OLD_COLLATION_CONNECTION */;
